"Frequency";"Verification test [FTB-101]" (Magnitude (dB));"H1-X1 [open ] TAP-1" (Magnitude (dB));"H2-X2 [open ] TAP-1" (Magnitude (dB));"H3-X3 [open ] TAP-1" (Magnitude (dB));" X1-H0X0 [open] TAP-1" (Magnitude (dB));"X2-H0X0  [open] TAP-1" (Magnitude (dB));"X3-X0H0 [open] TAP-1" (Magnitude (dB));"Y1-Y3  [ open] TAP-1" (Magnitude (dB));"Y2-Y1 [open] TAP-1" (Magnitude (dB));"Y3-Y2 [ open ] TAP-1" (Magnitude (dB));"H1-X0H0 [short X1-X2-X3] TAP-1" (Magnitude (dB));"H2-X0H0 [short X1-X2-X3 ] TAP-1" (Magnitude (dB));"H3-H0X0 [short X1-X2-X3 ] TAP-1" (Magnitude (dB));"H1-H0X0 [short Y1-Y2-Y3 ] TAP-1" (Magnitude (dB));"H2-H0X0 [short Y1-Y2-Y3 ] TAP-1" (Magnitude (dB));"H3-H0X0 [short Y1-Y2-Y3 ] TAP-1" (Magnitude (dB));"X1-H0X0 [short Y1-Y2-Y3] TAP-1" (Magnitude (dB));"X2-H0X0 [short Y1-Y2-Y3, ] TAP-1" (Magnitude (dB));"X3-X0H0 [short Y1-Y2-Y3 ] TAP-1" (Magnitude (dB));"Verification test [FTB-101] (1)" (Magnitude (dB));"X3-X0H0 [short Y1-Y2-Y3 ] TAP-1 (1)" (Magnitude (dB))
20,000200;-0,034037;-34,287819;-36,335400;-34,239220;-34,392577;-36,345318;-34,100849;-15,389796;-17,048514;-16,125101;-3,330428;-3,268543;-3,359586;-8,003255;-7,352008;-7,673704;-2,759974;-0,837040;-30,815951;-0,032877;-1,247606
20,931499;-0,034028;-34,646617;-36,723896;-34,600267;-34,726474;-36,715561;-34,471086;-15,669240;-17,347443;-16,424834;-3,530255;-3,468541;-3,561140;-8,248631;-7,632615;-7,934470;-2,784151;-0,871857;-31,187107;-0,032720;-1,278003
21,932600;-0,033758;-35,033177;-37,096258;-34,984186;-35,082150;-37,093647;-34,849356;-15,921076;-17,626242;-16,698736;-3,744860;-3,683732;-3,777753;-8,509582;-7,928193;-8,210167;-2,809861;-0,910895;-31,563514;-0,032660;-1,312648
22,957100;-0,033514;-35,392964;-37,496362;-35,374585;-35,439696;-37,482961;-35,221223;-16,157743;-17,879447;-16,954111;-3,962874;-3,902811;-3,998697;-8,773511;-8,223925;-8,486823;-2,838500;-0,952357;-31,927639;-0,032712;-1,349267
24,051399;-0,033906;-35,783254;-37,887889;-35,756248;-35,801821;-37,865849;-35,603387;-16,396105;-18,144885;-17,215331;-4,194958;-4,135497;-4,233182;-9,050857;-8,532378;-8,777662;-2,869434;-0,998469;-32,304369;-0,032825;-1,390005
25,169001;-0,033287;-36,170421;-38,269956;-36,131720;-36,159082;-38,248204;-35,978451;-16,624630;-18,394037;-17,466594;-4,430029;-4,370666;-4,469434;-9,327838;-8,838963;-9,067691;-2,902115;-1,046562;-32,671616;-0,032224;-1,433220
26,356400;-0,033427;-36,555066;-38,660891;-36,528001;-36,542981;-38,625748;-36,356959;-16,859331;-18,661188;-17,715322;-4,677427;-4,618645;-4,719020;-9,617359;-9,156194;-9,369068;-2,938551;-1,100580;-33,046571;-0,032477;-1,480605
27,613701;-0,033985;-36,916452;-39,091897;-36,915661;-36,913408;-39,011220;-36,742024;-17,098249;-18,928751;-17,967670;-4,935481;-4,877917;-4,979348;-9,917246;-9,483898;-9,680405;-2,978492;-1,158856;-33,424297;-0,032782;-1,532995
28,917601;-0,033401;-37,369102;-39,457984;-37,313716;-37,292004;-39,409483;-37,133083;-17,334971;-19,195471;-18,224808;-5,199809;-5,142262;-5,245321;-10,220726;-9,812374;-9,995654;-3,021581;-1,221614;-33,806928;-0,032572;-1,588831
30,268000;-0,033697;-37,713319;-39,897763;-37,693849;-37,670701;-39,779085;-37,506591;-17,578788;-19,459535;-18,472435;-5,469417;-5,412686;-5,516941;-10,527750;-10,143423;-10,312637;-3,067865;-1,288545;-34,180797;-0,033052;-1,649260
31,688299;-0,033775;-38,143833;-40,285607;-38,103522;-38,053257;-40,172732;-37,892249;-17,819099;-19,730194;-18,730181;-5,747309;-5,691466;-5,796705;-10,841757;-10,481030;-10,637220;-3,117368;-1,360830;-34,564376;-0,032572;-1,714152
33,201599;-0,033636;-38,552428;-40,707191;-38,512083;-38,443924;-40,579347;-38,282278;-18,077170;-20,009125;-18,993256;-6,038372;-5,982448;-6,089509;-11,167354;-10,828844;-10,973515;-3,170646;-1,440168;-34,957266;-0,032651;-1,785559
34,761600;-0,033959;-38,910267;-41,208028;-38,935434;-38,840367;-40,890306;-38,656276;-18,339484;-20,284970;-19,250115;-6,331980;-6,277003;-6,385387;-11,495317;-11,176942;-11,308430;-3,229126;-1,524409;-35,343635;-0,032991;-1,861701
36,391399;-0,034063;-39,373366;-41,579658;-39,287803;-39,174515;-41,239888;-39,040570;-18,602866;-20,561825;-19,505937;-6,631592;-6,577154;-6,686073;-11,824858;-11,527056;-11,647511;-3,291579;-1,614619;-35,720194;-0,032895;-1,943174
38,114399;-0,033871;-39,823825;-41,970648;-39,703459;-39,561254;-41,657750;-39,435898;-18,871813;-20,849540;-19,772144;-6,940576;-6,886380;-6,997095;-12,163239;-11,884469;-11,994595;-3,359688;-1,712587;-36,107937;-0,032720;-2,031454
39,907200;-0,033959;-40,195417;-42,425463;-40,163380;-40,002667;-42,107754;-39,841888;-19,143530;-21,141157;-20,042569;-7,254770;-7,200414;-7,312087;-12,505143;-12,240891;-12,344068;-3,433416;-1,815974;-36,501078;-0,032825;-2,125752
41,793098;-0,033880;-40,667902;-42,823796;-40,503845;-40,316135;-42,428668;-40,209437;-19,435084;-21,428959;-20,294040;-7,575519;-7,522656;-7,635000;-12,852091;-12,605555;-12,697244;-3,511600;-1,927567;-36,881868;-0,032651;-2,227616
43,748901;-0,033532;-41,230116;-43,105550;-40,983885;-40,771806;-42,841946;-40,659061;-19,701109;-21,726117;-20,574734;-7,900712;-7,844854;-7,958691;-13,197704;-12,963919;-13,053634;-3,595866;-2,046084;-37,269013;-0,032372;-2,334961
45,821098;-0,033950;-41,403032;-43,882578;-41,446383;-41,218465;-43,408882;-41,030734;-20,013839;-22,031684;-20,850642;-8,231809;-8,180356;-8,293899;-13,557475;-13,336336;-13,412734;-3,689029;-2,172831;-37,697779;-0,032764;-2,451997
47,986401;-0,033706;-41,576439;-44,307797;-42,318532;-42,033111;-43,681343;-41,617371;-20,255911;-22,358587;-21,174115;-8,570179;-8,511758;-8,632281;-13,912645;-13,692938;-13,778746;-3,787460;-2,310663;-38,078771;-0,032477;-2,575245
50,244900;-0,034124;-43,890282;-42,968009;-41,782872;-41,498019;-43,124210;-41,843080;-20,551879;-22,610262;-21,319914;-8,918895;-8,850241;-8,964927;-14,249339;-14,078505;-14,159045;-3,885798;-2,452780;-38,332528;-0,032546;-2,706599
52,596401;-0,033697;-41,894155;-46,338230;-43,318291;-42,812478;-44,958586;-42,384803;-20,909390;-23,006515;-21,759004;-9,247824;-9,200297;-9,320596;-14,645680;-14,441172;-14,502486;-4,005348;-2,602979;-38,947198;-0,032755;-2,845814
55,087700;-0,033715;-43,413950;-45,483858;-43,126961;-42,665099;-45,000808;-42,658055;-21,236152;-23,300059;-21,963100;-9,603361;-9,550698;-9,667310;-15,002439;-14,829888;-14,882688;-4,122154;-2,762791;-39,290285;-0,032598;-2,995017
57,672100;-0,034028;-43,294993;-46,571914;-43,930885;-43,403443;-45,409059;-43,167180;-21,548002;-23,650940;-22,284445;-9,953069;-9,902404;-10,022133;-15,375503;-15,200504;-15,251187;-4,249261;-2,932522;-39,708581;-0,032834;-3,151223
60,396301;-0,033270;-44,234766;-46,636067;-44,148650;-43,563116;-45,874488;-43,510454;-21,889587;-23,983830;-22,560210;-10,310957;-10,259864;-10,377714;-15,742936;-15,586596;-15,630498;-4,383821;-3,109375;-40,118463;-0,032389;-3,316649
63,236801;-0,033819;-44,389622;-47,600883;-44,826636;-44,152993;-46,321957;-43,985988;-22,222129;-24,349158;-22,889011;-10,668965;-10,619651;-10,739170;-16,118987;-15,964958;-16,006157;-4,527723;-3,297176;-40,546152;-0,032729;-3,491335
66,217003;-0,033706;-45,111918;-47,871168;-45,212921;-44,477415;-46,757806;-44,372419;-22,571718;-24,710455;-23,187052;-11,033481;-10,981784;-11,102249;-16,494171;-16,350851;-16,387104;-4,679614;-3,492971;-40,955449;-0,032694;-3,675121
69,336998;-0,033985;-45,424843;-48,640803;-45,836444;-45,015651;-47,115503;-44,832649;-22,924783;-25,087263;-23,510793;-11,399047;-11,347925;-11,470068;-16,874227;-16,732776;-16,765873;-4,840258;-3,699369;-41,309405;-0,032982;-3,868519
72,619904;-0,034116;-46,061467;-49,036070;-46,275339;-45,413529;-47,583189;-45,267561;-23,289270;-25,466792;-23,840726;-11,770367;-11,719061;-11,840495;-17,253044;-17,121476;-17,152962;-5,010453;-3,915002;-41,727389;-0,033366;-4,071358
76,042503;-0,033689;-46,761817;-49,556803;-46,757391;-45,758376;-48,130823;-45,677027;-23,665790;-25,865030;-24,181861;-12,139874;-12,090082;-12,210476;-17,631994;-17,511024;-17,537805;-5,189272;-4,138447;-42,157529;-0,032825;-4,282474
79,628098;-0,034020;-47,460450;-50,020288;-47,203141;-46,133007;-48,789577;-46,120417;-24,057988;-26,281960;-24,547127;-12,514494;-12,465177;-12,584966;-18,011429;-17,903364;-17,917635;-5,378302;-4,371743;-42,604796;-0,033191;-4,503838
83,376701;-0,034211;-48,017476;-50,784087;-47,833266;-46,613625;-49,203254;-46,576876;-24,442956;-26,706427;-24,905544;-12,889246;-12,838332;-12,960365;-18,392305;-18,281351;-18,303400;-5,573897;-4,613118;-43,041912;-0,033087;-4,732848
87,311501;-0,033950;-48,575772;-51,597286;-48,489754;-47,097905;-49,645528;-47,051128;-24,851123;-27,148771;-25,284973;-13,265923;-13,216618;-13,338071;-18,778644;-18,671916;-18,690124;-5,780214;-4,863886;-43,492802;-0,033174;-4,971539
91,409302;-0,033514;-49,115786;-52,425031;-49,126957;-47,593197;-50,187601;-47,551575;-25,264312;-27,613144;-25,691951;-13,641866;-13,594083;-13,715448;-19,164964;-19,057074;-19,072517;-5,994322;-5,120779;-43,941024;-0,032563;-5,216832
95,716698;-0,034482;-49,958480;-53,127929;-49,742978;-48,013978;-50,750722;-48,002251;-25,692788;-28,090230;-26,093606;-14,024336;-13,974277;-14,096974;-19,549205;-19,449991;-19,463780;-6,219118;-5,388327;-44,397126;-0,033357;-5,472694
100,234001;-0,033723;-50,493231;-54,182621;-50,536949;-48,587274;-51,185722;-48,508541;-26,139204;-28,580133;-26,519522;-14,404061;-14,355581;-14,477936;-19,937082;-19,840779;-19,853666;-6,451803;-5,663129;-44,857669;-0,032380;-5,736676
104,959999;-0,033479;-51,123011;-55,377952;-51,346963;-49,130509;-51,686747;-49,037496;-26,595584;-29,106017;-26,977775;-14,786745;-14,740637;-14,861991;-20,329504;-20,228598;-20,239886;-6,693822;-5,946152;-45,323765;-0,032337;-6,008691
109,918999;-0,033584;-52,039915;-56,670036;-52,223169;-49,603939;-52,192568;-49,550828;-27,081715;-29,654920;-27,440482;-15,173903;-15,124362;-15,248522;-20,718128;-20,625952;-20,634264;-6,945097;-6,237515;-45,825720;-0,032450;-6,289411
115,087997;-0,033453;-53,081122;-57,371091;-52,909303;-50,060660;-52,981014;-50,043860;-27,586725;-30,207017;-27,928063;-15,558631;-15,509857;-15,631968;-21,104347;-21,018965;-21,026597;-7,204395;-6,533738;-46,315466;-0,032729;-6,575895
120,513000;-0,033523;-53,813700;-58,942813;-53,920709;-50,690321;-53,561034;-50,610806;-28,098170;-30,810280;-28,444261;-15,945821;-15,896292;-16,019550;-21,496523;-21,408035;-21,414667;-7,471447;-6,837711;-46,806277;-0,032441;-6,870695
126,194000;-0,033645;-55,180383;-60,367994;-54,856656;-51,147333;-54,270691;-51,161826;-28,654319;-31,435554;-28,986752;-16,333521;-16,283776;-16,408907;-21,886025;-21,807574;-21,812207;-7,747141;-7,148672;-47,336896;-0,032189;-7,172243
132,130997;-0,033130;-56,173551;-62,383180;-56,053562;-51,769862;-55,041516;-51,742057;-29,226339;-32,094067;-29,557978;-16,721038;-16,671753;-16,793631;-22,277148;-22,196902;-22,201132;-8,028983;-7,464121;-47,853387;-0,031849;-7,480156
138,371002;-0,032703;-56,852134;-66,275053;-57,716991;-52,624744;-55,598518;-52,409720;-29,821545;-32,803404;-30,156139;-17,109139;-17,059837;-17,187829;-22,669764;-22,591372;-22,594556;-8,318942;-7,787329;-48,366672;-0,031395;-7,794421
144,891006;-0,032686;-58,903374;-68,783916;-58,933667;-53,083550;-56,457123;-53,026428;-30,474239;-33,563269;-30,814895;-17,498121;-17,451424;-17,573400;-23,064638;-22,984993;-22,987125;-8,615660;-8,114758;-48,951186;-0,031116;-8,114271
151,712006;-0,036139;-60,508587;-75,660645;-60,911252;-53,818389;-57,234073;-53,715238;-31,145639;-34,377377;-31,494501;-17,890478;-17,839462;-17,965952;-23,454489;-23,380994;-23,381545;-8,918652;-8,446878;-49,499882;-0,032668;-8,439279
158,860001;-0,037342;-62,933375;-81,265343;-63,550872;-54,520956;-58,220348;-54,413278;-31,869571;-35,261851;-32,226824;-18,272091;-18,223109;-18,348601;-23,851032;-23,773273;-23,773984;-9,228500;-8,784202;-50,117270;-0,037011;-8,770316
166,356995;-0,035686;-64,999017;-69,286852;-67,410401;-55,511670;-59,117754;-55,268146;-32,670047;-36,234145;-33,046649;-18,665582;-18,615669;-18,741294;-24,243638;-24,171521;-24,171619;-9,546552;-9,128074;-50,715427;-0,035973;-9,107454
174,203995;-0,034046;-71,877784;-66,923713;-70,629450;-56,067745;-60,387091;-56,129995;-33,547181;-37,334333;-33,968376;-19,056684;-19,009127;-19,131340;-24,642048;-24,567942;-24,566281;-9,870793;-9,477041;-51,403469;-0,033906;-9,449387
182,399994;-0,033287;-76,442520;-63,164942;-79,426217;-57,302821;-61,700535;-57,015864;-34,486956;-38,535094;-34,931301;-19,448116;-19,400562;-19,526064;-25,036038;-24,963629;-24,962690;-10,198413;-9,828167;-52,022459;-0,032816;-9,795510
190,990997;-0,033558;-73,502586;-61,204126;-72,709655;-58,128275;-63,267480;-58,008114;-35,569524;-39,946832;-36,060237;-19,842229;-19,792728;-19,918218;-25,428623;-25,361556;-25,358658;-10,530406;-10,181092;-52,769107;-0,032616;-10,143843
200,001999;-0,033802;-67,632720;-59,287963;-66,987342;-59,246770;-64,768389;-59,192780;-36,826057;-41,608659;-37,399503;-20,233254;-20,186458;-20,309526;-25,827571;-25,757297;-25,754281;-10,867943;-10,538731;-53,528276;-0,032982;-10,495673
204,658005;-0,033845;-65,542635;-58,573998;-65,189320;-59,885754;-65,868648;-59,818464;-37,529108;-42,487548;-38,146780;-20,428484;-20,380418;-20,505549;-26,021990;-25,956302;-25,952475;-11,038711;-10,719335;-53,924980;-0,032842;-10,673950
209,431000;-0,034063;-63,815434;-57,980327;-63,697667;-60,595136;-67,192955;-60,545551;-38,313551;-43,548663;-39,011763;-20,625178;-20,576776;-20,702188;-26,219633;-26,155280;-26,150412;-11,211482;-10,900482;-54,320911;-0,032956;-10,853022
214,296997;-0,034386;-62,262158;-57,226116;-62,160536;-61,334122;-68,625244;-61,346741;-39,216161;-44,761293;-40,020488;-20,821110;-20,773211;-20,897690;-26,415949;-26,352694;-26,348146;-11,384861;-11,082719;-54,755204;-0,033061;-11,032862
219,302994;-0,033915;-60,778245;-56,473659;-60,985354;-62,073698;-69,897923;-62,140531;-40,248962;-46,177698;-41,165529;-21,018604;-20,971239;-21,095524;-26,614871;-26,553997;-26,548808;-11,559338;-11,266031;-55,165884;-0,033183;-11,214262
224,401993;-0,034595;-60,421834;-55,941465;-59,930014;-63,640249;-72,269200;-63,195732;-41,415853;-47,788649;-42,559988;-21,214069;-21,167237;-21,293684;-26,813925;-26,748658;-26,743880;-11,734005;-11,448331;-55,519859;-0,033479;-11,395886
229,641006;-0,034778;-59,167331;-54,950416;-58,413625;-64,941677;-73,459568;-64,447360;-42,913551;-49,782079;-44,317858;-21,413502;-21,365413;-21,488097;-27,013907;-26,946662;-26,942546;-11,909859;-11,634173;-55,987750;-0,033287;-11,578687
234,973007;-0,034673;-57,797436;-54,987014;-57,973790;-65,913008;-75,335305;-66,154239;-44,728027;-52,125022;-46,276806;-21,609213;-21,560364;-21,684734;-27,213817;-27,147762;-27,141257;-12,086973;-11,818456;-56,458278;-0,033427;-11,759698
240,444000;-0,033924;-56,956497;-54,109749;-56,897289;-67,850878;-83,475976;-67,624190;-47,104337;-55,316186;-46,907422;-21,804773;-21,757430;-21,881741;-27,405225;-27,345855;-27,339119;-12,264707;-12,002892;-56,988432;-0,033235;-11,943222
246,054993;-0,034595;-56,225367;-53,827816;-55,993553;-70,549961;-81,324354;-70,571320;-47,511944;-58,010324;-42,713422;-22,002365;-21,954393;-22,078055;-27,609410;-27,541945;-27,536917;-12,444007;-12,189776;-57,349299;-0,033514;-12,128742
251,783005;-0,034386;-55,074166;-53,394323;-55,335102;-69,642680;-81,162202;-70,237535;-43,152396;-58,156047;-37,952836;-22,197865;-22,151496;-22,278018;-27,802522;-27,745785;-27,738287;-12,622887;-12,375568;-57,911351;-0,033165;-12,313003
257,649994;-0,034874;-53,937289;-52,800749;-54,201892;-64,394129;-79,094636;-66,173613;-38,205782;-54,906332;-35,369589;-22,399217;-22,347244;-22,472953;-28,001488;-27,946215;-27,937567;-12,803177;-12,563170;-58,378601;-0,033304;-12,498292
263,657013;-0,034499;-53,704039;-52,256761;-53,572796;-60,344050;-73,496051;-61,371717;-35,476821;-51,881570;-36,052789;-22,593748;-22,546353;-22,669788;-28,200294;-28,136827;-28,131598;-12,985080;-12,750765;-58,819719;-0,033287;-12,684701
269,781006;-0,034717;-54,557596;-52,011026;-54,432017;-58,919159;-70,999485;-59,013003;-36,218395;-49,535063;-38,028925;-22,789131;-22,741864;-22,867802;-28,396674;-28,336863;-28,329360;-13,166009;-12,937801;-59,277487;-0,033331;-12,870189
276,066986;-0,034377;-56,374736;-51,676379;-55,855286;-61,195131;-69,809740;-60,973599;-38,518013;-47,598424;-40,232514;-22,986622;-22,938429;-23,064379;-28,595612;-28,537646;-28,528853;-13,348242;-13,126512;-59,915465;-0,033096;-13,056992
282,516998;-0,034892;-55,473519;-51,271499;-54,961350;-64,054483;-68,503269;-64,302535;-41,001511;-45,962598;-42,561295;-23,185311;-23,136865;-23,261624;-28,796246;-28,737691;-28,728005;-13,531286;-13,317281;-60,261763;-0,033540;-13,244986
289,083008;-0,034473;-54,538909;-50,847539;-54,085053;-66,703006;-67,136713;-67,176767;-43,567424;-44,572999;-45,064436;-23,381135;-23,333398;-23,457631;-28,994137;-28,934479;-28,926344;-13,716122;-13,504764;-60,569149;-0,033461;-13,432897
295,811005;-0,034970;-53,783118;-50,431065;-53,343316;-69,663002;-65,903662;-70,187741;-46,374668;-43,360942;-47,858603;-23,578249;-23,531258;-23,654935;-29,192435;-29,133815;-29,124672;-13,899210;-13,695502;-60,761920;-0,033871;-13,621920
302,703003;-0,034002;-53,153165;-50,038285;-52,713934;-72,822428;-64,844020;-73,503038;-49,439184;-42,285100;-50,934306;-23,774990;-23,727500;-23,851641;-29,390063;-29,331575;-29,322196;-14,084305;-13,885021;-60,918094;-0,033244;-13,810122
309,757996;-0,034246;-52,606185;-49,680167;-52,182251;-76,606100;-63,817253;-77,133769;-52,740065;-41,307971;-53,863440;-23,972228;-23,924700;-24,048847;-29,587395;-29,530065;-29,521431;-14,271275;-14,076309;-61,049277;-0,033444;-14,000228
316,976013;-0,034395;-52,107289;-49,308056;-51,657843;-79,480536;-62,956868;-78,948275;-54,504562;-40,394541;-54,083382;-24,169485;-24,121958;-24,245875;-29,785241;-29,729043;-29,718958;-14,456896;-14,266695;-61,025024;-0,033566;-14,189781
324,355988;-0,035441;-51,577665;-48,959077;-51,168957;-77,293339;-62,165349;-76,688407;-52,680549;-39,578034;-51,579708;-24,367419;-24,319557;-24,443086;-29,984982;-29,927536;-29,918933;-14,644226;-14,459420;-60,922333;-0,034133;-14,379970
331,923004;-0,035197;-51,021053;-48,665972;-50,754077;-74,437692;-61,663796;-73,303690;-49,921192;-38,855962;-48,962124;-24,565737;-24,515633;-24,640076;-30,183055;-30,129724;-30,120110;-14,831421;-14,651543;-60,862538;-0,034273;-14,571347
339,653015;-0,035258;-50,553444;-48,406728;-50,395433;-72,440550;-61,020382;-70,683097;-47,545878;-38,176302;-46,835803;-24,761172;-24,712367;-24,838560;-30,378862;-30,332591;-30,320499;-15,020242;-14,843262;-60,656438;-0,033304;-14,762662
347,570007;-0,035336;-50,315854;-48,010876;-49,924867;-69,610580;-60,308275;-68,878632;-45,504000;-37,528128;-44,912697;-24,956802;-24,913201;-25,036131;-30,581916;-30,529005;-30,513722;-15,208205;-15,036365;-60,253174;-0,034072;-14,955662
355,648987;-0,035118;-49,762867;-47,802522;-49,605199;-67,346219;-59,826123;-67,044675;-43,877527;-36,940848;-43,385199;-25,154974;-25,108211;-25,230890;-30,787425;-30,725842;-30,713101;-15,396593;-15,228992;-59,959186;-0,033950;-15,145644
363,937988;-0,035363;-49,608060;-47,488915;-49,252712;-66,314711;-58,992096;-65,694595;-42,526940;-36,375137;-42,164558;-25,349520;-25,302836;-25,430068;-30,973484;-30,921653;-30,909322;-15,587746;-15,422399;-59,448360;-0,033941;-15,336777
372,412994;-0,035537;-49,024033;-47,044852;-48,767837;-64,997271;-58,513840;-64,658041;-41,341519;-35,829185;-41,031242;-25,551089;-25,499582;-25,624023;-31,175935;-31,120541;-31,112108;-15,777536;-15,616276;-59,012383;-0,034229;-15,529666
381,096985;-0,035389;-48,751597;-46,770751;-48,445317;-64,260899;-58,147692;-63,649367;-40,316973;-35,310870;-40,052080;-25,745104;-25,700855;-25,824989;-31,371889;-31,326235;-31,309484;-15,969491;-15,810396;-58,489791;-0,034386;-15,724493
389,967987;-0,034944;-48,301915;-46,640617;-48,202258;-63,045241;-57,767089;-62,491690;-39,402184;-34,839569;-39,148175;-25,942519;-25,894292;-26,020010;-31,575130;-31,524567;-31,508998;-16,157966;-16,005445;-58,197521;-0,033653;-15,916569
399,048004;-0,035581;-48,026619;-46,145088;-47,716953;-61,908318;-56,962433;-61,846572;-38,508937;-34,359618;-38,304329;-26,140930;-26,091645;-26,215226;-31,773533;-31,714642;-31,705278;-16,350623;-16,198804;-57,549654;-0,034569;-16,111045
408,338013;-0,035476;-47,696154;-45,888746;-47,418601;-61,674406;-56,748831;-61,086424;-37,771792;-33,903858;-37,612374;-26,335744;-26,290235;-26,414405;-31,962481;-31,922908;-31,905173;-16,543156;-16,394385;-57,057175;-0,034735;-16,304582
417,860992;-0,035502;-47,244143;-45,734071;-47,179049;-60,853324;-56,490518;-60,240323;-37,090292;-33,481850;-36,919072;-26,534180;-26,485881;-26,612175;-32,170430;-32,125864;-32,108130;-16,734983;-16,590893;-56,684019;-0,034229;-16,499685
427,592987;-0,036008;-47,053084;-45,328752;-46,787091;-59,745280;-55,735065;-59,625158;-36,394786;-33,064064;-36,231893;-26,730693;-26,683092;-26,807323;-32,372174;-32,314043;-32,300645;-16,927299;-16,785048;-56,185300;-0,034604;-16,694104
437,558990;-0,036078;-46,752891;-44,974079;-46,401580;-59,284203;-55,340484;-59,134877;-35,762272;-32,649639;-35,642165;-26,928071;-26,881009;-27,003201;-32,562727;-32,511816;-32,496827;-17,121476;-16,982784;-55,652216;-0,035188;-16,889089
447,733002;-0,036462;-46,357225;-44,786108;-46,177468;-59,019906;-55,150414;-58,481328;-35,216264;-32,260893;-35,112033;-27,124079;-27,077849;-27,203341;-32,756875;-32,724490;-32,702079;-17,314927;-17,178282;-55,193010;-0,035450;-17,084887
458,164001;-0,037055;-46,040879;-44,589587;-45,919960;-58,343790;-54,838227;-57,856886;-34,677860;-31,889965;-34,566652;-27,321384;-27,273713;-27,400662;-32,962722;-32,922560;-32,901666;-17,509328;-17,377190;-54,822754;-0,035642;-17,281135
468,851013;-0,036749;-45,748976;-44,263056;-45,564480;-57,721334;-54,356533;-57,348915;-34,148632;-31,523945;-34,042121;-27,518031;-27,469477;-27,594697;-33,161975;-33,111762;-33,097075;-17,702779;-17,572940;-54,434808;-0,035406;-17,475942
479,770996;-0,036531;-45,416332;-43,886151;-45,198575;-57,164860;-53,909758;-56,931630;-33,643704;-31,158090;-33,550487;-27,717079;-27,666268;-27,789160;-33,358869;-33,308553;-33,296139;-17,891636;-17,764269;-53,965861;-0,035633;-17,667048
490,946991;-0,036471;-45,114062;-43,631233;-44,905635;-56,736534;-53,609842;-56,504155;-33,178713;-30,801992;-33,094918;-27,914290;-27,866527;-27,987468;-33,561282;-33,511305;-33,493135;-18,085597;-17,960662;-53,529018;-0,035372;-17,862929
502,378998;-0,036557;-44,873639;-43,403148;-44,646392;-56,251447;-53,365827;-56,028838;-32,723437;-30,458415;-32,651279;-28,108105;-28,063354;-28,185905;-33,755437;-33,713258;-33,690123;-18,280424;-18,157101;-53,122182;-0,035406;-18,059577
514,090027;-0,036471;-44,588703;-43,172060;-44,392429;-55,847959;-53,081983;-55,540419;-32,295706;-30,127103;-32,227534;-28,303338;-28,259460;-28,385331;-33,951260;-33,919716;-33,891382;-18,476515;-18,354420;-52,727009;-0,035615;-18,256373
526,057983;-0,036942;-44,297562;-42,919068;-44,096809;-55,431480;-52,714986;-55,072540;-31,877852;-29,802648;-31,811415;-28,499616;-28,453910;-28,580833;-34,147348;-34,120425;-34,088394;-18,673258;-18,552208;-52,355588;-0,035807;-18,453151
538,304016;-0,036906;-43,939302;-42,671181;-43,832701;-55,080917;-52,435168;-54,697934;-31,475046;-29,535219;-31,416263;-28,698494;-28,649968;-28,776588;-34,354221;-34,308228;-34,286828;-18,868992;-18,751068;-52,018022;-0,036052;-18,649953
550,854004;-0,037081;-43,608477;-42,386231;-43,499167;-54,669816;-51,974919;-54,268177;-31,077337;-29,217273;-31,016204;-28,895958;-28,844324;-28,970098;-34,544284;-34,510008;-34,480927;-19,065728;-18,948968;-51,638683;-0,035712;-18,847134
563,682983;-0,036845;-43,437324;-42,038392;-43,244445;-54,181997;-51,768852;-53,945245;-30,702135;-28,909272;-30,648844;-29,088069;-29,044014;-29,170287;-34,755583;-34,707516;-34,690389;-19,261596;-19,148884;-51,308750;-0,035607;-19,044770
576,815002;-0,037133;-43,102296;-41,768710;-42,929540;-53,860912;-51,400435;-53,562938;-30,326001;-28,602180;-30,277485;-29,285461;-29,238031;-29,364676;-34,944929;-34,908458;-34,884953;-19,458229;-19,346980;-50,930911;-0,036252;-19,242789
590,249023;-0,037578;-42,809573;-41,494264;-42,628533;-53,534917;-51,091435;-53,202111;-29,965617;-28,301486;-29,968956;-29,482034;-29,434241;-29,561320;-35,140629;-35,109460;-35,082693;-19,654908;-19,546155;-50,579625;-0,035929;-19,441272
603,986023;-0,037762;-42,527369;-41,226714;-42,347699;-53,154350;-50,792298;-52,854838;-29,663134;-28,007251;-29,619541;-29,677546;-29,630748;-29,757763;-35,340738;-35,310413;-35,280901;-19,852898;-19,745279;-50,252763;-0,036104;-19,639478
618,049011;-0,037430;-42,250118;-40,953898;-42,068991;-52,772546;-50,545309;-52,516439;-29,318665;-27,716805;-29,278154;-29,873581;-29,828006;-29,954135;-35,541406;-35,514053;-35,481156;-20,050368;-19,944847;-49,923261;-0,036497;-19,837539
632,460999;-0,037875;-41,984925;-40,689663;-41,781411;-52,436732;-50,275784;-52,176780;-28,988903;-27,428707;-28,942136;-30,068214;-30,025218;-30,150827;-35,740808;-35,713563;-35,680696;-20,249133;-20,144787;-49,590355;-0,036462;-20,036767
647,176025;-0,038224;-41,697810;-40,386555;-41,497400;-52,144232;-50,053804;-51,842057;-28,660203;-27,144440;-28,619642;-30,264563;-30,222699;-30,347816;-35,933195;-35,919772;-35,875522;-20,446909;-20,344366;-49,269008;-0,036959;-20,236146
662,263000;-0,038660;-41,419647;-40,095152;-41,178820;-51,786648;-49,771558;-51,530003;-28,343716;-26,864509;-28,301870;-30,460268;-30,419931;-30,542619;-36,135615;-36,116987;-36,076532;-20,645260;-20,544746;-48,935402;-0,036985;-20,435805
677,677002;-0,038791;-41,112331;-39,770706;-40,867220;-51,455960;-49,454673;-51,229185;-28,027232;-26,586364;-27,997168;-30,658528;-30,616230;-30,736778;-36,336141;-36,310430;-36,275230;-20,843479;-20,745730;-48,624048;-0,037395;-20,635975
693,463013;-0,038922;-40,786171;-39,472686;-40,568286;-51,149684;-49,135058;-50,940701;-27,709986;-26,309987;-27,689710;-30,856204;-30,810280;-30,929750;-36,534176;-36,505840;-36,475917;-21,042800;-20,947851;-48,326233;-0,037857;-20,836208
709,620972;-0,039096;-40,493248;-39,212352;-40,298174;-50,834346;-48,832021;-50,632640;-27,396875;-26,036667;-27,376789;-31,050699;-31,002721;-31,125636;-36,733015;-36,706758;-36,674122;-21,243546;-21,149541;-48,048224;-0,037762;-21,036124
726,151978;-0,038904;-40,224533;-38,952201;-40,025922;-50,536219;-48,608660;-50,301112;-27,097648;-25,765711;-27,069710;-31,243245;-31,198892;-31,325211;-36,932362;-36,915843;-36,873137;-21,445091;-21,350636;-47,729464;-0,037508;-21,236543
743,078979;-0,039384;-39,935271;-38,634873;-39,705306;-50,272212;-48,398364;-50,003840;-26,806885;-25,497128;-26,780130;-31,438925;-31,397692;-31,519854;-37,125032;-37,119731;-37,073035;-21,645217;-21,552779;-47,418131;-0,038145;-21,438600
760,377991;-0,039751;-39,619919;-38,300185;-39,385092;-49,948809;-48,081681;-49,732744;-26,507939;-25,230858;-26,493270;-31,635665;-31,591643;-31,711330;-37,327625;-37,308426;-37,269647;-21,844906;-21,755984;-47,128282;-0,038302;-21,640348
778,096985;-0,039977;-39,322201;-38,039107;-39,111478;-49,642575;-47,775776;-49,436583;-26,211479;-24,965582;-26,193810;-31,829265;-31,784017;-31,908457;-37,531200;-37,514546;-37,470683;-22,047909;-21,959050;-46,853011;-0,038590;-21,841040
796,210999;-0,040204;-39,030776;-37,730626;-38,801238;-49,391728;-47,589950;-49,133269;-25,933880;-24,702003;-25,910589;-32,023048;-31,981990;-32,105435;-37,724073;-37,724875;-37,669572;-22,249387;-22,161873;-46,549195;-0,038774;-22,043842
814,768005;-0,040684;-38,706873;-37,386186;-38,469885;-49,092348;-47,296661;-48,875325;-25,642015;-24,440928;-25,632807;-32,219373;-32,175298;-32,294884;-37,925704;-37,910258;-37,866869;-22,451122;-22,366259;-46,272334;-0,039384;-22,246585
833,742981;-0,040929;-38,393749;-37,111505;-38,183839;-48,783200;-47,021662;-48,581416;-25,361041;-24,179261;-25,344697;-32,412330;-32,369648;-32,492398;-38,129815;-38,123304;-38,069029;-22,654387;-22,570316;-45,980961;-0,039122;-22,448784
853,161011;-0,040763;-38,095009;-36,757618;-37,846170;-48,558794;-46,814077;-48,303654;-25,084097;-23,919625;-25,071754;-32,606630;-32,563982;-32,685449;-38,313981;-38,321997;-38,270170;-22,856367;-22,774869;-45,700302;-0,039227;-22,652996
873,021973;-0,040693;-37,760845;-36,451637;-37,532115;-48,221575;-46,505771;-48,031938;-24,804786;-23,661513;-24,792123;-32,801508;-32,758347;-32,880592;-38,528712;-38,521895;-38,464352;-23,060202;-22,979606;-45,420595;-0,039541;-22,855449
893,370972;-0,041234;-37,452396;-36,096403;-37,194743;-48,026028;-46,288121;-47,756958;-24,531805;-23,402904;-24,520689;-32,993372;-32,952220;-33,072745;-38,711514;-38,729955;-38,670500;-23,264305;-23,185611;-45,141100;-0,040449;-23,060560
914,185974;-0,041216;-37,098186;-35,772783;-36,869320;-47,680747;-46,012682;-47,488319;-24,256744;-23,145407;-24,246328;-33,189809;-33,145942;-33,266124;-38,929519;-38,927216;-38,864798;-23,468178;-23,392102;-44,862898;-0,039925;-23,264115
935,466980;-0,041932;-36,800780;-35,415838;-36,528874;-47,449836;-45,768242;-47,207422;-23,985672;-22,889604;-23,975000;-33,378098;-33,341096;-33,461041;-39,113988;-39,132361;-39,068146;-23,673981;-23,597903;-44,584962;-0,040719;-23,469835
957,260010;-0,042238;-36,419080;-35,062498;-36,180767;-47,197789;-45,497292;-46,956698;-23,713743;-22,631073;-23,705861;-33,575366;-33,529719;-33,652692;-39,320434;-39,336513;-39,270057;-23,878748;-23,806315;-44,309309;-0,040544;-23,675187
979,565002;-0,042561;-36,090808;-34,694208;-35,822631;-46,878515;-45,262719;-46,678012;-23,446038;-22,376805;-23,439170;-33,767593;-33,727126;-33,844733;-39,522610;-39,535527;-39,461494;-24,083609;-24,012982;-44,022238;-0,040990;-23,881029
1002,380005;-0,042822;-35,748418;-34,327735;-35,470631;-46,636496;-45,004486;-46,403650;-23,177192;-22,119619;-23,167167;-33,954940;-33,919458;-34,040196;-39,712025;-39,741906;-39,670114;-24,291652;-24,220831;-43,748564;-0,041278;-24,087307
1025,709961;-0,043154;-35,355889;-33,938110;-35,095276;-46,383232;-44,720649;-46,149512;-22,906229;-21,862949;-22,903025;-34,149784;-34,106399;-34,229247;-39,916067;-39,940704;-39,867770;-24,498165;-24,430188;-43,477752;-0,041749;-24,293190
1049,619995;-0,042665;-34,979166;-33,525596;-34,702086;-46,110371;-44,475408;-45,889396;-22,641486;-21,606109;-22,639155;-34,343707;-34,299572;-34,417891;-40,116060;-40,151484;-40,064724;-24,703794;-24,639528;-43,196485;-0,041845;-24,500775
1074,069946;-0,043547;-34,604605;-33,114002;-34,310618;-45,846110;-44,240609;-45,620356;-22,377787;-21,349581;-22,372764;-34,534556;-34,493727;-34,610768;-40,314982;-40,360124;-40,265452;-24,911733;-24,849665;-42,912834;-0,042325;-24,709319
1099,079956;-0,044158;-34,213707;-32,698181;-33,912172;-45,585472;-43,993468;-45,351851;-22,111696;-21,092490;-22,105130;-34,723256;-34,686195;-34,803537;-40,517562;-40,498168;-40,467554;-25,121045;-25,060221;-42,630344;-0,043242;-24,918234
1124,689941;-0,044569;-33,803821;-32,259255;-33,498024;-45,325834;-43,734013;-45,088215;-21,844348;-20,834266;-21,838474;-34,912664;-34,876762;-34,995602;-40,646963;-40,699891;-40,604192;-25,330710;-25,271719;-42,351035;-0,043285;-25,126670
1150,880005;-0,045031;-33,381421;-31,800628;-33,063438;-45,070290;-43,477169;-44,821762;-21,577471;-20,576089;-21,574773;-35,103724;-35,067862;-35,188317;-40,847337;-40,906796;-40,805733;-25,541697;-25,485115;-42,074746;-0,044097;-25,337066
1177,680054;-0,044979;-32,937454;-31,325083;-32,614755;-44,805918;-43,206858;-44,563108;-21,309354;-20,316522;-21,308436;-35,293371;-35,255361;-35,375707;-41,055680;-41,105225;-41,002592;-25,751620;-25,697423;-41,787608;-0,043827;-25,547256
1205,109985;-0,045791;-32,485996;-30,819542;-32,148241;-44,547025;-42,943547;-44,297391;-21,044446;-20,055917;-21,044564;-35,484100;-35,444219;-35,563633;-41,254850;-41,316497;-41,203368;-25,963824;-25,911756;-41,504204;-0,044516;-25,758426
1233,189941;-0,046140;-31,990415;-30,293409;-31,649536;-44,283712;-42,668630;-44,035815;-20,773487;-19,792559;-20,775214;-35,671667;-35,636067;-35,753424;-41,464429;-41,516742;-41,395960;-26,176478;-26,127167;-41,216456;-0,044909;-25,970350
1261,920044;-0,046638;-31,492218;-29,805280;-31,138591;-44,007249;-42,411705;-43,767106;-20,504591;-19,529272;-20,506754;-35,859707;-35,826229;-35,943370;-41,661724;-41,724136;-41,600353;-26,390914;-26,341979;-40,924343;-0,044996;-26,183378
1291,300049;-0,047450;-31,006422;-29,208267;-30,615610;-43,731703;-42,157273;-43,492127;-20,239502;-19,267741;-20,240761;-36,047223;-36,016035;-36,130885;-41,856580;-41,939254;-41,809671;-26,604461;-26,558893;-40,635050;-0,045931;-26,397353
1321,380005;-0,047424;-30,457314;-28,592177;-30,050045;-43,449177;-41,891887;-43,228055;-19,969566;-19,000917;-19,973028;-36,236341;-36,203515;-36,318215;-42,054157;-42,143988;-42,014142;-26,817713;-26,777458;-40,341456;-0,046428;-26,612082
1352,160034;-0,047721;-29,875556;-27,926440;-29,508858;-43,194214;-41,604301;-42,964795;-19,696578;-18,732057;-19,702872;-36,427482;-36,386360;-36,502123;-42,258147;-42,349213;-42,218181;-27,034439;-26,997542;-40,047992;-0,046559;-26,827163
1383,670044;-0,048550;-29,330253;-27,212741;-28,879598;-42,930952;-41,340526;-42,686351;-19,424021;-18,462242;-19,428169;-36,609685;-36,574483;-36,692027;-42,458231;-42,562682;-42,420079;-27,253448;-27,217804;-39,744942;-0,047310;-27,044030
1415,890015;-0,048856;-28,682453;-26,452260;-28,199489;-42,652972;-41,072537;-42,414205;-19,151640;-18,189972;-19,157157;-36,796274;-36,764437;-36,877925;-42,657677;-42,782440;-42,623656;-27,470072;-27,439603;-39,439806;-0,047764;-27,262322
1448,880005;-0,049512;-27,988469;-25,616657;-27,472474;-42,377833;-40,780174;-42,139220;-18,872424;-17,914834;-18,880667;-36,984196;-36,946896;-37,060208;-42,867657;-42,980536;-42,824986;-27,691015;-27,663015;-39,132047;-0,048516;-27,480649
1482,619995;-0,050437;-27,242503;-24,711291;-26,690669;-42,108296;-40,513489;-41,860947;-18,597173;-17,637485;-18,604345;-37,165738;-37,133895;-37,250323;-43,062302;-43,203164;-43,032387;-27,911094;-27,888405;-38,816156;-0,049223;-27,702056
1517,150024;-0,050743;-26,442115;-23,707179;-25,837975;-41,816489;-40,223133;-41,581116;-18,314982;-17,357561;-18,324288;-37,351220;-37,317606;-37,429624;-43,262623;-43,414259;-43,238516;-28,133659;-28,114492;-38,497678;-0,049660;-27,922785
1552,489990;-0,051372;-25,563277;-22,594989;-24,904138;-41,548107;-39,939238;-41,294562;-18,032456;-17,074028;-18,042157;-37,535319;-37,500400;-37,616995;-43,473618;-43,626444;-43,436434;-28,358415;-28,342037;-38,170952;-0,050429;-28,146296
1588,650024;-0,052010;-24,595453;-21,339299;-23,874447;-41,268790;-39,638228;-41,013605;-17,746895;-16,787148;-17,757891;-37,717726;-37,687124;-37,796559;-43,671713;-43,843227;-43,649909;-28,583983;-28,574164;-37,842104;-0,050691;-28,370815
1625,670044;-0,052866;-23,531337;-19,920886;-22,724909;-40,972230;-39,341342;-40,723630;-17,457904;-16,497885;-17,470878;-37,898248;-37,868296;-37,980052;-43,873958;-44,054913;-43,856893;-28,810270;-28,806008;-37,504765;-0,051529;-28,597481
1663,530029;-0,053260;-22,339350;-18,310834;-21,434890;-40,671946;-39,046327;-40,426476;-17,166553;-16,204413;-17,179852;-38,081766;-38,045971;-38,160896;-44,081038;-44,275196;-44,059457;-29,039094;-29,039315;-37,156216;-0,052246;-28,826356
1702,270020;-0,053531;-20,994475;-16,511593;-19,975367;-40,381208;-38,743699;-40,126982;-16,871683;-15,906750;-16,885205;-38,264548;-38,230970;-38,340130;-44,288279;-44,501606;-44,264730;-29,270472;-29,276688;-36,801020;-0,052543;-29,056152
1741,920044;-0,054518;-19,468354;-14,664739;-18,325147;-40,080043;-38,430718;-39,826890;-16,572668;-15,605062;-16,587374;-38,440294;-38,414204;-38,523361;-44,486844;-44,723985;-44,476251;-29,504628;-29,516286;-36,439464;-0,053260;-29,287992
1782,500000;-0,055384;-17,767022;-13,283142;-16,528350;-39,783235;-38,109250;-39,518911;-16,270706;-15,298930;-16,287004;-38,618187;-38,590524;-38,702458;-44,697631;-44,941815;-44,682994;-29,739565;-29,759206;-36,065977;-0,054160;-29,522887
1824,020020;-0,055891;-15,963321;-13,192308;-14,807454;-39,480291;-37,781408;-39,207118;-15,963758;-14,987990;-15,981841;-38,795641;-38,768237;-38,879521;-44,908798;-45,164508;-44,889637;-29,977500;-30,003922;-35,682280;-0,054763;-29,759046
1866,510010;-0,056275;-14,404107;-14,473200;-13,784350;-39,162518;-37,448057;-38,886624;-15,652164;-14,669957;-15,672089;-38,972781;-38,944813;-39,055204;-45,126560;-45,388569;-45,094271;-30,217656;-30,249908;-35,284232;-0,055252;-29,997384
1909,979980;-0,057185;-13,822227;-16,320887;-14,147526;-38,831631;-37,105839;-38,561771;-15,336016;-14,347875;-15,357772;-39,148096;-39,119402;-39,228789;-45,329780;-45,622114;-45,312853;-30,460239;-30,502248;-34,873006;-0,056101;-30,239398
1954,469971;-0,057919;-14,651965;-18,168701;-15,631128;-38,513620;-36,753492;-38,231891;-15,015054;-14,019709;-15,039112;-39,323807;-39,296370;-39,402264;-45,529097;-45,848648;-45,534073;-30,706573;-30,759261;-34,446304;-0,057202;-30,484223
1999,989990;-0,058828;-16,323333;-19,823655;-17,464129;-38,175950;-36,395303;-37,889592;-14,686195;-13,684958;-14,712145;-39,497161;-39,466312;-39,575718;-45,743977;-46,089579;-45,736778;-30,957522;-31,017563;-34,001011;-0,057727;-30,731816
2023,160034;-0,059196;-17,246273;-20,584427;-18,360459;-38,002660;-36,213956;-37,717259;-14,521418;-13,515504;-14,547158;-39,580848;-39,556796;-39,662257;-45,846349;-46,199270;-45,851237;-31,081256;-31,149370;-33,770051;-0,058164;-30,857386
2046,579956;-0,059878;-18,154432;-21,298333;-19,223704;-37,837701;-36,018341;-37,541011;-14,351999;-13,343599;-14,380561;-39,671368;-39,633564;-39,744352;-45,951492;-46,327102;-45,958665;-31,210630;-31,283749;-33,533514;-0,058645;-30,983629
2070,280029;-0,059878;-19,022622;-21,969428;-20,038774;-37,656762;-35,831280;-37,362625;-14,184532;-13,170756;-14,211611;-39,751861;-39,729521;-39,833363;-46,065657;-46,443975;-46,064522;-31,337570;-31,414614;-33,291123;-0,058575;-31,110516
2094,270020;-0,060350;-19,852215;-22,601620;-20,808574;-37,479061;-35,638906;-37,181861;-14,013516;-12,995777;-14,042558;-39,835067;-39,808687;-39,917443;-46,159480;-46,578636;-46,178812;-31,466750;-31,551716;-33,044738;-0,059205;-31,238809
2118,500000;-0,060569;-20,632966;-23,200489;-21,532684;-37,298111;-35,443705;-36,999124;-13,841526;-12,818741;-13,871242;-39,924587;-39,895874;-40,000008;-46,284127;-46,682192;-46,279222;-31,596065;-31,685513;-32,791919;-0,059502;-31,367547
2143,040039;-0,060796;-21,372805;-23,763890;-22,216308;-37,125531;-35,241940;-36,815215;-13,667008;-12,639695;-13,697856;-40,005369;-39,978226;-40,087059;-46,381004;-46,814343;-46,402398;-31,727937;-31,825367;-32,527344;-0,059642;-31,497405
2167,860107;-0,061531;-22,066478;-24,302535;-22,860628;-36,930898;-35,041565;-36,626810;-13,491822;-12,459014;-13,523412;-40,091394;-40,065433;-40,169639;-46,493655;-46,935229;-46,501583;-31,858984;-31,965408;-32,260252;-0,060219;-31,628638
2192,959961;-0,061838;-22,721700;-24,814577;-23,467466;-36,741248;-34,836500;-36,432146;-13,313378;-12,275909;-13,346021;-40,174814;-40,148214;-40,252047;-46,605799;-47,062930;-46,608103;-31,991243;-32,104734;-31,985718;-0,060683;-31,761750
2218,340088;-0,062030;-23,341127;-25,300453;-24,043533;-36,555417;-34,621517;-36,237749;-13,133089;-12,090641;-13,167709;-40,254766;-40,228509;-40,335163;-46,708138;-47,191683;-46,726283;-32,127548;-32,246901;-31,729813;-0,060683;-31,895464
2244,040039;-0,062283;-23,924932;-25,767516;-24,589189;-36,362900;-34,401964;-36,041439;-12,951024;-11,903531;-12,987017;-40,338991;-40,308536;-40,417960;-46,822094;-47,310294;-46,838607;-32,262925;-32,391325;-31,428687;-0,060840;-32,029048
2270,030029;-0,062861;-24,479495;-26,213894;-25,108743;-36,165113;-34,182220;-35,839508;-12,767218;-11,713940;-12,804428;-40,424698;-40,392896;-40,498398;-46,933608;-47,437168;-46,949890;-32,400699;-32,536388;-31,123511;-0,061304;-32,165001
2296,320068;-0,063482;-25,006757;-26,643043;-25,604859;-35,963267;-33,958016;-35,633860;-12,582303;-11,522309;-12,619841;-40,505521;-40,476771;-40,517368;-47,046884;-47,564825;-47,059778;-32,539147;-32,683654;-30,816856;-0,062222;-32,303330
2322,899902;-0,063526;-25,510812;-27,053573;-26,078536;-35,755555;-33,729194;-35,423475;-12,393242;-11,327387;-12,432987;-40,518291;-40,558888;-40,598234;-47,157875;-47,697103;-47,174227;-32,679053;-32,833649;-30,491981;-0,062283;-32,442442
2349,800049;-0,063920;-25,991620;-27,450205;-26,532706;-35,549624;-33,496010;-35,210106;-12,202580;-11,130735;-12,243878;-40,599538;-40,638293;-40,676949;-47,271085;-47,831020;-47,289220;-32,821896;-32,985196;-30,155775;-0,062572;-32,583264
2377,010010;-0,064349;-26,451183;-27,833802;-26,967637;-35,334238;-33,252972;-34,991161;-12,010263;-10,931645;-12,052360;-40,680556;-40,652064;-40,756810;-47,380059;-47,973144;-47,401905;-32,964422;-33,140814;-29,799293;-0,063097;-32,725129
2404,540039;-0,064366;-26,894810;-28,206212;-27,386155;-35,115150;-33,004118;-34,768558;-11,815510;-10,730053;-11,859086;-40,758763;-40,731903;-40,835892;-47,490006;-48,106493;-47,517329;-33,109875;-33,297505;-29,484907;-0,063342;-32,869234
2432,379883;-0,064943;-27,319004;-28,565683;-27,790928;-34,895178;-32,748353;-34,541318;-11,617943;-10,525940;-11,663696;-40,837241;-40,814162;-40,914822;-47,602259;-48,238287;-47,640419;-33,256088;-33,456214;-29,107330;-0,064095;-33,015071
2460,530029;-0,065258;-27,723798;-28,913076;-28,179376;-34,670850;-32,485374;-34,308814;-11,416910;-10,319017;-11,464312;-40,916917;-40,891594;-40,995556;-47,722023;-48,387886;-47,758443;-33,403543;-33,618504;-28,822710;-0,064235;-33,162094
2489,030029;-0,065827;-28,118605;-29,251603;-28,553513;-34,440347;-32,219303;-34,069153;-11,214136;-10,109061;-11,263172;-40,996852;-40,966685;-41,072065;-47,832432;-48,538528;-47,877039;-33,552843;-33,781973;-28,335208;-0,064541;-33,310764
2517,850098;-0,066151;-28,504355;-29,582341;-28,920665;-34,201847;-31,942363;-33,823890;-11,008735;-9,896620;-11,059787;-41,073254;-41,044858;-41,146934;-47,937329;-48,673561;-48,000113;-33,707405;-33,948620;-27,894567;-0,065197;-33,462473
2547,000000;-0,066029;-28,869198;-29,899390;-29,274413;-33,956110;-31,657046;-33,572175;-10,800456;-9,681438;-10,853627;-41,150186;-41,119907;-41,226764;-48,075758;-48,822470;-48,113166;-33,860783;-34,119454;-27,440748;-0,065267;-33,616296
2576,500000;-0,067018;-29,226264;-30,212307;-29,615887;-33,704880;-31,362115;-33,313660;-10,589908;-9,463707;-10,644229;-41,224094;-41,199597;-41,301238;-48,174166;-48,980057;-48,241966;-34,017790;-34,294661;-26,941639;-0,066064;-33,771790
2606,330078;-0,067324;-29,575982;-30,521623;-29,950774;-33,451718;-31,060345;-33,049262;-10,375793;-9,243316;-10,433144;-41,304165;-41,271937;-41,376917;-48,311883;-49,134735;-48,358733;-34,179776;-34,471086;-26,439343;-0,066361;-33,931802
2636,500000;-0,067954;-29,912731;-30,815499;-30,275075;-33,182753;-30,743119;-32,774209;-10,159383;-9,019395;-10,217910;-41,374444;-41,347086;-41,449000;-48,419702;-49,283488;-48,486384;-34,340764;-34,654406;-25,875667;-0,066685;-34,091473
2667,050049;-0,068164;-30,239285;-31,109268;-30,593231;-32,913989;-30,418633;-32,492764;-9,939120;-8,792732;-10,000296;-41,453650;-41,420087;-41,525309;-48,539689;-49,462673;-48,609175;-34,505254;-34,839712;-25,318732;-0,066895;-34,255435
2697,929932;-0,068760;-30,562641;-31,394725;-30,900665;-32,631175;-30,078187;-32,201270;-9,716778;-8,563518;-9,780177;-41,522256;-41,493820;-41,597011;-48,671180;-49,616676;-48,739472;-34,673908;-35,029990;-24,717180;-0,067517;-34,422323
2729,169922;-0,069180;-30,873408;-31,673015;-31,206527;-32,342305;-29,782668;-31,901137;-9,491070;-8,331241;-9,556830;-41,596520;-41,564273;-41,666058;-48,786687;-49,777285;-48,868933;-34,845469;-35,226034;-24,083108;-0,068094;-34,591734
2760,770020;-0,069469;-31,182290;-31,951299;-31,499462;-32,042347;-29,417966;-31,589894;-9,262420;-8,096383;-9,330177;-41,668626;-41,636037;-41,738618;-48,908884;-49,962116;-49,003389;-35,019312;-35,425937;-23,388496;-0,068602;-34,765324
2792,729980;-0,069408;-31,474721;-32,215827;-31,791069;-31,733066;-29,032088;-31,267335;-9,030541;-7,858409;-9,101111;-41,738087;-41,703991;-41,809639;-49,054846;-50,141609;-49,134785;-35,196306;-35,632547;-22,701369;-0,068655;-34,941775
2825,070068;-0,070108;-31,773331;-32,487752;-32,075385;-31,412384;-28,631741;-30,933419;-8,795601;-7,618175;-8,869029;-41,811094;-41,771648;-41,877525;-49,184004;-50,325174;-49,262673;-35,379023;-35,845805;-21,842071;-0,068970;-35,122578
2857,790039;-0,070493;-32,058380;-32,742776;-32,352598;-31,081848;-28,212783;-30,584472;-8,557700;-7,375652;-8,633877;-41,879810;-41,839537;-41,945554;-49,306129;-50,523607;-49,397185;-35,566865;-36,064984;-21,070336;-0,069267;-35,306213
2890,870117;-0,070721;-32,339104;-33,000548;-32,627829;-30,733609;-27,772948;-30,221290;-8,316362;-7,130749;-8,394916;-41,950021;-41,905267;-42,012827;-49,431102;-50,710537;-49,540818;-35,758326;-36,290403;-20,401806;-0,069679;-35,494797
2924,350098;-0,071290;-32,616834;-33,256727;-32,897179;-30,372179;-27,313660;-29,843611;-8,072941;-6,883905;-8,154310;-42,015555;-41,974038;-42,077184;-49,585379;-50,929046;-49,676831;-35,952032;-36,524915;-19,836431;-0,070292;-35,688782
2958,209961;-0,071281;-32,887522;-33,506698;-33,163359;-29,997110;-26,829737;-29,505848;-7,826677;-6,635880;-7,910683;-42,085772;-42,035537;-42,142732;-49,704690;-51,149276;-49,817240;-36,157018;-36,767969;-19,463290;-0,070406;-35,887361
2992,479980;-0,072026;-33,159486;-33,758442;-33,424908;-29,657508;-26,317803;-29,088267;-7,576474;-6,386329;-7,663645;-42,143699;-42,100151;-42,205822;-49,858326;-51,370473;-49,982460;-36,357301;-37,020486;-19,359235;-0,071107;-36,092580
3027,120117;-0,072420;-33,428127;-34,004103;-33,685756;-29,245003;-25,779977;-28,653237;-7,324795;-6,136140;-7,414602;-42,208487;-42,163466;-42,265945;-50,000626;-51,599829;-50,137338;-36,568454;-37,286472;-19,563649;-0,071483;-36,301858
3062,169922;-0,072770;-33,682188;-34,243562;-33,938283;-28,813073;-25,213158;-28,196566;-7,070612;-5,886369;-7,163580;-42,271956;-42,222533;-42,327350;-50,149960;-51,836660;-50,291307;-36,784329;-37,561257;-20,062957;-0,071956;-36,517408
3097,629883;-0,073068;-33,936727;-34,481846;-34,187378;-28,358233;-24,615305;-27,718030;-6,814781;-5,636612;-6,911309;-42,329395;-42,282557;-42,388118;-50,304952;-52,087462;-50,446551;-37,009521;-37,848611;-20,793201;-0,072271;-36,741785
3133,500000;-0,073655;-34,197570;-34,725338;-34,439661;-27,879836;-23,988778;-27,211386;-6,557563;-5,388440;-6,656696;-42,386963;-42,338917;-42,447644;-50,455983;-52,363409;-50,614225;-37,240897;-38,150008;-21,674364;-0,072525;-36,971745
3169,780029;-0,073769;-34,448228;-34,954155;-34,684499;-27,377398;-23,334775;-26,679586;-6,299594;-5,142765;-6,401580;-42,447771;-42,391263;-42,502064;-50,609185;-52,664557;-50,776335;-37,484521;-38,469303;-22,638861;-0,073033;-37,211234
3206,500000;-0,074286;-34,697792;-35,192210;-34,929460;-26,847354;-22,657441;-26,118484;-6,041297;-4,899999;-6,145934;-42,500350;-42,448473;-42,558239;-50,769940;-52,939226;-50,959178;-37,730893;-38,807293;-23,638255;-0,073576;-37,459525
3243,610107;-0,074645;-34,943085;-35,424963;-35,175248;-26,288819;-21,973210;-25,528818;-5,783425;-4,662512;-5,890920;-42,557388;-42,498450;-42,608208;-50,954823;-53,293290;-51,136462;-37,991831;-39,160862;-24,641159;-0,073804;-37,717125
3281,189941;-0,075232;-35,192809;-35,653849;-35,411125;-25,701943;-21,294895;-24,910755;-5,526733;-4,431070;-5,637110;-42,609862;-42,547017;-42,662857;-51,114418;-53,621295;-51,321149;-38,262273;-39,540469;-25,635133;-0,074347;-37,987007
3319,159912;-0,075031;-35,438052;-35,890391;-35,653217;-25,086312;-20,664001;-24,267512;-5,272229;-4,206722;-5,384596;-42,660792;-42,595388;-42,708046;-51,311496;-53,994265;-51,525549;-38,543830;-39,940101;-26,608865;-0,074110;-38,266825
3357,600098;-0,075880;-35,673356;-36,119987;-35,894559;-24,447085;-20,127872;-23,607515;-5,021300;-3,991969;-5,136471;-42,709292;-42,641792;-42,756180;-51,502138;-54,384291;-51,728540;-38,836416;-40,363483;-27,565281;-0,074636;-38,561477
3396,489990;-0,075959;-35,916841;-36,343607;-36,128493;-23,792285;-19,747473;-22,943498;-4,775129;-3,788509;-4,891864;-42,757050;-42,682258;-42,800323;-51,693620;-54,802057;-51,934089;-39,145341;-40,813476;-28,503546;-0,075179;-38,871585
3435,810059;-0,076827;-36,160422;-36,574073;-36,364843;-23,134759;-19,587306;-22,300787;-4,535377;-3,598573;-4,653468;-42,803921;-42,720833;-42,841511;-51,902847;-55,241739;-52,161653;-39,469498;-41,222853;-29,426730;-0,075784;-39,194918
3475,600098;-0,076696;-36,398975;-36,804206;-36,602869;-22,500350;-19,688279;-21,717497;-4,303804;-3,423426;-4,422410;-42,846139;-42,759198;-42,880451;-52,126145;-55,691955;-52,407291;-39,810727;-41,714248;-30,337415;-0,075907;-39,537339
3515,860107;-0,077300;-36,639661;-37,036588;-36,840656;-21,927827;-20,048621;-21,246914;-4,081969;-3,266000;-4,200874;-42,886649;-42,795229;-42,917281;-52,364273;-56,104054;-52,662990;-40,167107;-42,210000;-31,237574;-0,076371;-39,897334
3556,560059;-0,077431;-36,881746;-37,265525;-37,075702;-21,471216;-20,627493;-20,952095;-3,871896;-3,127758;-3,990195;-42,922618;-42,826658;-42,951596;-52,606297;-56,479854;-52,939611;-40,539679;-42,678426;-32,124741;-0,076467;-40,277219
3597,750000;-0,077738;-37,122724;-37,495061;-37,310274;-21,197434;-21,360586;-20,892943;-3,676752;-3,011120;-3,793118;-42,959078;-42,854508;-42,982887;-52,855028;-56,702657;-53,230671;-40,928392;-43,078580;-32,990814;-0,077116;-40,676856
3639,399902;-0,077914;-37,358202;-37,722469;-37,542778;-21,155224;-22,185702;-21,095495;-3,497478;-2,917609;-3,611333;-42,986402;-42,875721;-43,014917;-53,055976;-56,753432;-53,531203;-41,267172;-43,314397;-33,819455;-0,077160;-41,026470
3681,540039;-0,078448;-37,594050;-37,961967;-37,784032;-21,382822;-23,064144;-21,546664;-3,337071;-2,848694;-3,447873;-43,018347;-42,898671;-43,036242;-53,393267;-56,383496;-53,892586;-41,650300;-43,331651;-34,577811;-0,077659;-41,460441
3724,169922;-0,078632;-37,841156;-38,190747;-38,020622;-21,855084;-23,949779;-22,200069;-3,198318;-2,805576;-3,303857;-43,044069;-42,915361;-43,058299;-53,637940;-55,669978;-54,280217;-42,023599;-42,972851;-35,202253;-0,077668;-41,891649
3767,290039;-0,078790;-38,080373;-38,428254;-38,259856;-22,524883;-24,828453;-22,989771;-3,082233;-2,788772;-3,182064;-43,067147;-42,925160;-43,072318;-53,887342;-54,539095;-54,685630;-42,348621;-42,235714;-35,607576;-0,077729;-42,303957
3810,929932;-0,079237;-38,321352;-38,665060;-38,503964;-23,330033;-25,689041;-23,861431;-2,991830;-2,799208;-3,084785;-43,083459;-42,933411;-43,088255;-54,128065;-53,185488;-55,100907;-42,606543;-41,170725;-35,700845;-0,078299;-42,663671
3855,050049;-0,079640;-38,569356;-38,900695;-38,740468;-24,214451;-26,527714;-24,769667;-2,927739;-2,835995;-3,012815;-43,099553;-42,934458;-43,092594;-54,282915;-51,661833;-55,433533;-42,788473;-39,903173;-35,423988;-0,078711;-42,926376
3899,679932;-0,079754;-38,818885;-39,149041;-38,990935;-25,133160;-27,343103;-25,686601;-2,891882;-2,898853;-2,968046;-43,108605;-42,932534;-43,096948;-54,410038;-50,138985;-55,545359;-42,910818;-38,574514;-34,811611;-0,079018;-43,030872
3944,850098;-0,080350;-39,059412;-39,387439;-39,238491;-26,061485;-28,133126;-26,596754;-2,884155;-2,985973;-2,950388;-43,114359;-42,918825;-43,094665;-54,466766;-48,704857;-55,311173;-42,952889;-37,331266;-33,991352;-0,079246;-42,895603
3990,530029;-0,080709;-39,314010;-39,630650;-39,485201;-26,985712;-28,902661;-27,490726;-2,905440;-3,096997;-2,961203;-43,114732;-42,901910;-43,084859;-54,337958;-47,471858;-54,677436;-42,868829;-36,288817;-33,144482;-0,079833;-42,464320
4036,719971;-0,080973;-39,573071;-39,881212;-39,738703;-27,892067;-29,651516;-28,365352;-2,954256;-3,229327;-2,999789;-43,107537;-42,878927;-43,069868;-54,005584;-46,501676;-53,683783;-42,594158;-35,522972;-32,447064;-0,080105;-41,739234
4083,479980;-0,081174;-39,835238;-40,139180;-39,997482;-28,780813;-30,384488;-29,220186;-3,030528;-3,381352;-3,064786;-43,096910;-42,847959;-43,048066;-53,388600;-45,843165;-52,457082;-42,092577;-35,070914;-32,028042;-0,080341;-40,813705
4130,759766;-0,081411;-40,097093;-40,400778;-40,259749;-29,650645;-31,104744;-30,056595;-3,132902;-3,551146;-3,156368;-43,076450;-42,807785;-43,016822;-52,504117;-45,498371;-51,186414;-41,394747;-34,929460;-31,935187;-0,080718;-39,841120
4178,589844;-0,081893;-40,361319;-40,670201;-40,521795;-30,504577;-31,815239;-30,877023;-3,259450;-3,736563;-3,271923;-43,051743;-42,756800;-42,981380;-51,518906;-45,420935;-50,024887;-40,618422;-35,052369;-32,142967;-0,081157;-38,993023
4226,970215;-0,081999;-40,643062;-40,930054;-40,792259;-31,344173;-32,515521;-31,682845;-3,407532;-3,934914;-3,409718;-43,020880;-42,698631;-42,933764;-50,502889;-45,545298;-49,109437;-39,899652;-35,374585;-32,580639;-0,081218;-38,399382
4275,910156;-0,082200;-40,910432;-41,215427;-41,074325;-32,173674;-33,210216;-32,480659;-3,575719;-4,145164;-3,567987;-42,974650;-42,620990;-42,880343;-49,680590;-45,786807;-48,522363;-39,379995;-35,828915;-33,169885;-0,081560;-38,123445
4325,430176;-0,082375;-41,206540;-41,493377;-41,288565;-32,989612;-33,905537;-33,270165;-3,761264;-4,364820;-3,744165;-42,926583;-42,538194;-42,814303;-49,059208;-46,124441;-48,230801;-39,135191;-36,361928;-33,857870;-0,081832;-38,136471
4375,520020;-0,082656;-41,491984;-41,790885;-41,576169;-33,808419;-34,599147;-34,056875;-3,962093;-4,592682;-3,936363;-42,862958;-42,439094;-42,737506;-48,732562;-46,477216;-48,170227;-39,167173;-36,946101;-34,597701;-0,082078;-38,391439
4426,180176;-0,083007;-41,794674;-42,083176;-41,878938;-34,623294;-35,299891;-34,843262;-4,176155;-4,826560;-4,142379;-42,792197;-42,325795;-42,644807;-48,620509;-46,855842;-48,268164;-39,436061;-37,556272;-35,370609;-0,082279;-38,813049
4477,450195;-0,083629;-42,042666;-42,330269;-42,187657;-35,442677;-36,007913;-35,637854;-4,400988;-5,066071;-4,360414;-42,709921;-42,191814;-42,543000;-48,669058;-47,218043;-48,465159;-39,882068;-38,187011;-36,164610;-0,082902;-39,345691
4529,279785;-0,083884;-42,359248;-42,639273;-42,498022;-36,270479;-36,722586;-36,435545;-4,634507;-5,308452;-4,587098;-42,609569;-42,040193;-42,420079;-48,822110;-47,572008;-48,710821;-40,449991;-38,830113;-36,970826;-0,082919;-39,950545
4581,729980;-0,083735;-42,682506;-42,968193;-42,824421;-37,108640;-37,453497;-37,248487;-4,875282;-5,553477;-4,821520;-42,497721;-41,866566;-42,280987;-49,034423;-47,913988;-48,978298;-41,098126;-39,485120;-37,791236;-0,083042;-40,600729
4634,799805;-0,083945;-43,019478;-43,315478;-43,165242;-37,961142;-38,201121;-38,074943;-5,122189;-5,800650;-5,063005;-42,370116;-41,671384;-42,124609;-49,272670;-48,238445;-49,257577;-41,803554;-40,153950;-38,626192;-0,083436;-41,286248
4688,459961;-0,084261;-43,374779;-43,674895;-43,518226;-38,825256;-38,966687;-38,918545;-5,372690;-6,048317;-5,309059;-42,222073;-41,445286;-41,945195;-49,515064;-48,544403;-49,532277;-42,548146;-40,839412;-39,473994;-0,083656;-41,999740
4742,740234;-0,084375;-43,740690;-44,042605;-43,883692;-39,712698;-39,746123;-39,779000;-5,626330;-6,296347;-5,558845;-42,055763;-41,188734;-41,741250;-49,784356;-48,851612;-49,798783;-43,309462;-41,536197;-40,335541;-0,083963;-42,733186
4797,660156;-0,084603;-44,122252;-44,434703;-44,262048;-40,603307;-40,559611;-40,653572;-5,882059;-6,544064;-5,810208;-41,862185;-40,900444;-41,511478;-50,001010;-49,130808;-50,056208;-44,113377;-42,259712;-41,146845;-0,084244;-43,486026
4853,209961;-0,084743;-44,518512;-44,846645;-44,664948;-41,504927;-41,376794;-41,471042;-6,138905;-6,790811;-6,063248;-41,644440;-40,577991;-41,247998;-50,243521;-49,394366;-50,303131;-44,900320;-42,994907;-42,024005;-0,084358;-44,246441
4909,419922;-0,085112;-44,953360;-45,258024;-45,088996;-42,323547;-42,147892;-42,350317;-6,396754;-7,036861;-6,317534;-41,402460;-40,212793;-40,956768;-50,458849;-49,657455;-50,542356;-45,672670;-43,743043;-42,892937;-0,084743;-45,007160
4966,250000;-0,085489;-45,380481;-45,727199;-45,525634;-43,169169;-42,976387;-43,193185;-6,654136;-7,280921;-6,571489;-41,124720;-39,810132;-40,625999;-50,687258;-49,906587;-50,764778;-46,379139;-44,491913;-43,718753;-0,085041;-45,733365
5023,759766;-0,085515;-45,860646;-46,184511;-45,992901;-43,912099;-43,771409;-43,958681;-6,911059;-7,522945;-6,825200;-40,814735;-39,367307;-40,258729;-50,888304;-50,145490;-50,990922;-46,964577;-45,216183;-44,457846;-0,085147;-46,390643
5081,950195;-0,085735;-46,343187;-46,694273;-46,485276;-44,494608;-44,480004;-44,584167;-7,167048;-7,763049;-7,077692;-40,468022;-38,893351;-39,849568;-51,097198;-50,379752;-51,194510;-47,353709;-45,881239;-45,041778;-0,085252;-46,914159
5140,779785;-0,085665;-46,862940;-47,216668;-46,997523;-44,835574;-45,053815;-44,992856;-7,422703;-8,000680;-7,329641;-40,082472;-38,413987;-39,403399;-51,287349;-50,596349;-51,400854;-47,473973;-46,431836;-45,398121;-0,085489;-47,235928
5200,319824;-0,086033;-47,407854;-47,763113;-47,535738;-44,881909;-45,405303;-45,121202;-7,676941;-8,236292;-7,580091;-39,654741;-37,974065;-38,926678;-51,475502;-50,814563;-51,598144;-47,290707;-46,794286;-45,467134;-0,085708;-47,285782
5260,529785;-0,086322;-47,976145;-48,329405;-48,096582;-44,625167;-45,476675;-44,943748;-7,929664;-8,469027;-7,829137;-39,196580;-37,646091;-38,438770;-51,660536;-51,029429;-51,790732;-46,814249;-46,893888;-45,234221;-0,086121;-47,033678
5321,439941;-0,086252;-48,547795;-48,914676;-48,678277;-44,114185;-45,248546;-44,489859;-8,180557;-8,699180;-8,077277;-38,721030;-37,548736;-37,980052;-51,835404;-51,237131;-51,978644;-46,102212;-46,698798;-44,732534;-0,086208;-46,502649
5383,069824;-0,086445;-49,122164;-49,510364;-49,259948;-43,414671;-44,755975;-43,827342;-8,429370;-8,926247;-8,324240;-38,259500;-37,799390;-37,622938;-51,999227;-51,441875;-52,154821;-45,236776;-46,215261;-44,031849;-0,086305;-45,757837
5445,399902;-0,086541;-49,702539;-50,048554;-49,812159;-42,589792;-44,050245;-43,033249;-8,673938;-9,150762;-8,569503;-37,871898;-38,467483;-37,467243;-52,170324;-51,630991;-52,329401;-44,287767;-45,493809;-43,199497;-0,086296;-44,871356
5508,450195;-0,086699;-50,204148;-50,495993;-50,304127;-41,715570;-43,225826;-42,153688;-8,913343;-9,372874;-8,811732;-37,645958;-39,522446;-37,634639;-52,335366;-51,828519;-52,510459;-43,289892;-44,620967;-42,309723;-0,086515;-43,902742
5572,240234;-0,086717;-50,583913;-50,790162;-50,647128;-40,811768;-42,324433;-41,248038;-9,147026;-9,592897;-9,050881;-37,702378;-40,861425;-38,198509;-52,493277;-52,027453;-52,675577;-42,288128;-43,652885;-41,385267;-0,086629;-42,898271
5636,759766;-0,087243;-50,783757;-50,838278;-50,789019;-39,910649;-41,393359;-40,334937;-9,376530;-9,810895;-9,286297;-38,140046;-42,364879;-39,148884;-52,647477;-52,206545;-52,842827;-41,288465;-42,642593;-40,458494;-0,086778;-41,883975
5702,049805;-0,087156;-50,709464;-50,608773;-50,656661;-39,014321;-40,457798;-39,427517;-9,601971;-10,027257;-9,518078;-38,980424;-43,944334;-40,393050;-52,795935;-52,394363;-53,003574;-40,302849;-41,617057;-39,537998;-0,087103;-40,873750
5768,049805;-0,087270;-50,295796;-50,026209;-50,187657;-38,132687;-39,526146;-38,531719;-9,824047;-10,241826;-9,745992;-40,154056;-45,543111;-41,813480;-52,949944;-52,579086;-53,162213;-39,333295;-40,592663;-38,630049;-0,087279;-39,877014
5834,850098;-0,087630;-49,596358;-49,185479;-49,430871;-37,262736;-38,605898;-37,648808;-10,044743;-10,454449;-9,971310;-41,547754;-47,142463;-43,319130;-53,095977;-52,762233;-53,318005;-38,377737;-39,581179;-37,734841;-0,087498;-38,893657
5902,419922;-0,087524;-48,654837;-48,132616;-48,436342;-36,404829;-37,700512;-36,777074;-10,263120;-10,665020;-10,194059;-43,057768;-48,732657;-44,851426;-53,240238;-52,941346;-53,475004;-37,433889;-38,581224;-36,851167;-0,087279;-37,921600
5970,759766;-0,087753;-47,546438;-46,948517;-47,283451;-35,553059;-36,806672;-35,914724;-10,479811;-10,873864;-10,414628;-44,622504;-50,318219;-46,380552;-53,377651;-53,115220;-53,629342;-36,500323;-37,595565;-35,975773;-0,087647;-36,958577
6039,910156;-0,087735;-46,316653;-45,677462;-46,032299;-34,702463;-35,915049;-35,058366;-10,695289;-11,081194;-10,632817;-46,184334;-51,888326;-47,897715;-53,522547;-53,287473;-53,784052;-35,568013;-36,615213;-35,103428;-0,087788;-36,005116
6109,850098;-0,087814;-45,050024;-44,378154;-44,725766;-33,853974;-35,032981;-34,192852;-10,908834;-11,286106;-10,848811;-47,752123;-53,468818;-49,402901;-53,648426;-53,460345;-53,934394;-34,632747;-35,643428;-34,231438;-0,087805;-35,046524
6180,580078;-0,087832;-43,726459;-43,042725;-43,396442;-32,995389;-34,142567;-33,326783;-11,120698;-11,490359;-11,063822;-49,304734;-55,060186;-50,891956;-53,792295;-53,634058;-54,079383;-33,693023;-34,670850;-33,351716;-0,087928;-34,086591
6252,149902;-0,088147;-42,406742;-41,697715;-42,045062;-32,126461;-33,250495;-32,449577;-11,331548;-11,692953;-11,276938;-50,849720;-56,680462;-52,371994;-53,926621;-53,799991;-54,233898;-32,740818;-33,691047;-32,461712;-0,088244;-33,115575
6324,560059;-0,088130;-41,071023;-40,346797;-40,685583;-31,238841;-32,341370;-31,554541;-11,540623;-11,893688;-11,488793;-52,389770;-58,321066;-53,854959;-54,052670;-53,969765;-54,375695;-31,771681;-32,700655;-31,554804;-0,088103;-32,129127
6397,790039;-0,087832;-39,725059;-38,985987;-39,318265;-30,327541;-31,416813;-30,637604;-11,747900;-12,093472;-11,698228;-53,937073;-60,003128;-55,344244;-54,181731;-54,141240;-54,516889;-30,779068;-31,694054;-30,625966;-0,087937;-31,122667
6471,879883;-0,087858;-38,374639;-37,624656;-37,951463;-29,388604;-30,468468;-29,693652;-11,954187;-12,292129;-11,906917;-55,495055;-61,721404;-56,850502;-54,303718;-54,308137;-54,660463;-29,758138;-30,665079;-29,669821;-0,087867;-30,089225
6546,830078;-0,087928;-37,029675;-36,278341;-36,595998;-28,468129;-29,491381;-28,771555;-12,159223;-12,490166;-12,114119;-57,074400;-63,444152;-58,387831;-54,439249;-54,479684;-54,799049;-28,757475;-29,608270;-28,735102;-0,088182;-29,030221
6622,609863;-0,088095;-35,712873;-34,974196;-35,284281;-27,456658;-28,533445;-27,759568;-12,363228;-12,686984;-12,320247;-58,676389;-65,113561;-59,933289;-54,558803;-54,648916;-54,941727;-27,663771;-28,572183;-27,710092;-0,088235;-27,978257
6699,310059;-0,088349;-34,449054;-33,759332;-34,067880;-26,409898;-27,487558;-26,715756;-12,565975;-12,882927;-12,525691;-60,299306;-66,608624;-61,496925;-54,680449;-54,817396;-55,079931;-26,534180;-27,445004;-26,651688;-0,088603;-26,843534
6776,890137;-0,088060;-33,306905;-32,726407;-33,026311;-25,337099;-26,412442;-25,649286;-12,768276;-13,078224;-12,729678;-61,920022;-67,711717;-63,063711;-54,794898;-54,975171;-55,208906;-25,374044;-26,286777;-25,568766;-0,088393;-25,683659
6855,350098;-0,088358;-32,380769;-31,973540;-32,261999;-24,262275;-25,324471;-24,586258;-12,969407;-13,273768;-12,933757;-63,498414;-68,357300;-64,588791;-54,916969;-55,154539;-55,352989;-24,207441;-25,109666;-24,483656;-0,088577;-24,520909
6934,740234;-0,088016;-31,765418;-31,587124;-31,859052;-23,234443;-24,258445;-23,576308;-13,169885;-13,468490;-13,136753;-64,911612;-68,470685;-66,041262;-55,032834;-55,317199;-55,482654;-23,077267;-23,943500;-23,443597;-0,088402;-23,401001
7015,049805;-0,088253;-31,523520;-31,582113;-31,835811;-22,338997;-23,280560;-22,705377;-13,370199;-13,663909;-13,340088;-66,071178;-68,165378;-67,398972;-55,149867;-55,479402;-55,612030;-22,066093;-22,848827;-22,530066;-0,088463;-22,405115
7096,259766;-0,088042;-31,642300;-31,896933;-32,130778;-21,695698;-22,494005;-22,090510;-13,570392;-13,858127;-13,542595;-66,850832;-67,665807;-68,519652;-55,263715;-55,642113;-55,739266;-21,292032;-21,922503;-21,858063;-0,088174;-21,648021
7178,450195;-0,088244;-32,038803;-32,424704;-32,643753;-21,425540;-22,023040;-21,842876;-13,770517;-14,053633;-13,745835;-67,170478;-67,098337;-69,268755;-55,365869;-55,806912;-55,872929;-20,881408;-21,291004;-21,544049;-0,088481;-21,249462
7261,569824;-0,088191;-32,607520;-33,067504;-33,275490;-21,578429;-21,957298;-22,006293;-13,970241;-14,248936;-13,948706;-67,062891;-66,502851;-69,528113;-55,466817;-55,965341;-55,993115;-20,897708;-21,059466;-21,642751;-0,088498;-21,266921
7345,640137;-0,088007;-33,266723;-33,759077;-33,955330;-22,099841;-22,293409;-22,525313;-14,171024;-14,445662;-14,151999;-66,672861;-65,990183;-69,369374;-55,575890;-56,135949;-56,111489;-21,296457;-21,244098;-22,109736;-0,088279;-21,654964
7430,700195;-0,088139;-33,954637;-34,453914;-34,641648;-22,868407;-22,937832;-23,282639;-14,372241;-14,643054;-14,356806;-66,163877;-65,467542;-68,936861;-55,677421;-56,287967;-56,240566;-21,959322;-21,762089;-22,829617;-0,088130;-22,300436
7516,750000;-0,088270;-34,639680;-35,132045;-35,310363;-23,764439;-23,765350;-24,163157;-14,573951;-14,842063;-14,562100;-65,619643;-65,022957;-68,352823;-55,777055;-56,454351;-56,356674;-22,761120;-22,485617;-23,684276;-0,088489;-23,082196
7603,779785;-0,088402;-35,302723;-35,779085;-35,952632;-24,701570;-24,673840;-25,086031;-14,777265;-15,042203;-14,768843;-65,054235;-64,631590;-67,742480;-55,873253;-56,616096;-56,470072;-23,609371;-23,303235;-24,587142;-0,088393;-23,912222
7691,839844;-0,087884;-35,937492;-36,395589;-36,564301;-25,632142;-25,598584;-26,003488;-14,981407;-15,243648;-14,977022;-64,533356;-64,282631;-67,166553;-55,954648;-56,776295;-56,580633;-24,451957;-24,142183;-25,487827;-0,087963;-24,738436
7780,899902;-0,087796;-36,538257;-36,981434;-37,146268;-26,532798;-26,505165;-26,892582;-15,187268;-15,447407;-15,186719;-64,062465;-63,958557;-66,642801;-56,051411;-56,928947;-56,693510;-25,262354;-24,963568;-26,360892;-0,087788;-25,535189
7871,000000;-0,087761;-37,109823;-37,539833;-37,698779;-27,392459;-27,377337;-27,744365;-15,395876;-15,654376;-15,399763;-63,625719;-63,697907;-66,151152;-56,126602;-57,089297;-56,787029;-26,030472;-25,748302;-27,195978;-0,088147;-26,292117
7962,160156;-0,087682;-37,656364;-38,069934;-38,223321;-28,210838;-28,210324;-28,555606;-15,606005;-15,863752;-15,614441;-63,246350;-63,453248;-65,717397;-56,208341;-57,252791;-56,893887;-26,752513;-26,490373;-27,989407;-0,087612;-27,004466
8054,330078;-0,087647;-38,175809;-38,577758;-38,727029;-28,988658;-29,003609;-29,328702;-15,819303;-16,076532;-15,833108;-62,894645;-63,244079;-65,328560;-56,279530;-57,404592;-56,986283;-27,430218;-27,187211;-28,742918;-0,087998;-27,674334
8147,609863;-0,087454;-38,672960;-39,064558;-39,209576;-29,731120;-29,761237;-30,065973;-16,035823;-16,292443;-16,054830;-62,557247;-63,065417;-64,989292;-56,342068;-57,554240;-57,074400;-28,066695;-27,842646;-29,460040;-0,087893;-28,304672
8241,950195;-0,087445;-39,151404;-39,533304;-39,670867;-30,440654;-30,485705;-30,772941;-16,255792;-16,513337;-16,280379;-62,268877;-62,904481;-64,669483;-56,403738;-57,699912;-57,158909;-28,666208;-28,459935;-30,144178;-0,087867;-28,898885
8337,389648;-0,087077;-39,609367;-39,979786;-40,116341;-31,121948;-31,182888;-31,452096;-16,479855;-16,738861;-16,510430;-62,005899;-62,740911;-64,402763;-56,458856;-57,843188;-57,236283;-29,231869;-29,042463;-30,799854;-0,087586;-29,460376
8433,919922;-0,087094;-40,055856;-40,419063;-40,550482;-31,780779;-31,855820;-32,109601;-16,709433;-16,970458;-16,746741;-61,757930;-62,625548;-64,139175;-56,514558;-57,992865;-57,294484;-29,768695;-29,594470;-31,430760;-0,087823;-29,993184
8531,589844;-0,086849;-40,484877;-40,846638;-40,972298;-32,418315;-32,508956;-32,747298;-16,944391;-17,207518;-16,988493;-61,523094;-62,499597;-63,913340;-56,547533;-58,117988;-57,362240;-30,278506;-30,118523;-32,040540;-0,087542;-30,500299
8630,379883;-0,086673;-40,907751;-41,263243;-41,381040;-33,041385;-33,147678;-33,370280;-17,185315;-17,452267;-17,237105;-61,317054;-62,383602;-63,697135;-56,578466;-58,264335;-57,408973;-30,765468;-30,618678;-32,633555;-0,087243;-30,985382
8730,309570;-0,086682;-41,317841;-41,674006;-41,783522;-33,651187;-33,774292;-33,981572;-17,433696;-17,699845;-17,493758;-61,113071;-62,273988;-63,500779;-56,595763;-58,382854;-57,445597;-31,231527;-31,097541;-33,212402;-0,087086;-31,449564
8831,410156;-0,086682;-41,720948;-42,078276;-42,180073;-34,252386;-34,393624;-34,584933;-17,690785;-17,961692;-17,754135;-60,912216;-62,171079;-63,303107;-56,608686;-58,505938;-57,474124;-31,679579;-31,558089;-33,780486;-0,087042;-31,896899
8933,669922;-0,086156;-42,125187;-42,475285;-42,573458;-34,849068;-35,008109;-35,183177;-17,950914;-18,233592;-18,029271;-60,720232;-62,072530;-63,136167;-56,610802;-58,619669;-57,482635;-32,111562;-32,001890;-34,341172;-0,086655;-32,328217
9037,110352;-0,086199;-42,515537;-42,865422;-42,961020;-35,443808;-35,623988;-35,781223;-18,226861;-18,517720;-18,316771;-60,528383;-61,974496;-62,950595;-56,593710;-58,720730;-57,487772;-32,530615;-32,432115;-34,897687;-0,086664;-32,746242
9141,769531;-0,086226;-42,909859;-43,261851;-43,345007;-36,039677;-36,244567;-36,381949;-18,515597;-18,816156;-18,616928;-60,335054;-61,875843;-62,776842;-56,560384;-58,830113;-57,469904;-32,936645;-32,850108;-35,453426;-0,086401;-33,152652
9247,610352;-0,086147;-43,296339;-43,651655;-43,729715;-36,643732;-36,871561;-36,988309;-18,818127;-19,130318;-18,932822;-60,143735;-61,752434;-62,596184;-56,513220;-58,914558;-57,437833;-33,332465;-33,258246;-36,011808;-0,086322;-33,549784
9354,690430;-0,085954;-43,686400;-44,043435;-44,112958;-37,255830;-37,512981;-37,605119;-19,136843;-19,462637;-19,266384;-59,940704;-61,646992;-62,420539;-56,447943;-58,984674;-57,378347;-33,719494;-33,657252;-36,574483;-0,086094;-33,936986
9463,030273;-0,085735;-44,078468;-44,436555;-44,497451;-37,879448;-38,172993;-38,235222;-19,474811;-19,816678;-19,620334;-59,728848;-61,516338;-62,212789;-56,369988;-59,041192;-57,301548;-34,099219;-34,048991;-37,146518;-0,085849;-34,317840
9572,599609;-0,085708;-44,463377;-44,842018;-44,882381;-38,524094;-38,853754;-38,885402;-19,835494;-20,195630;-19,998350;-59,511929;-61,375685;-62,026637;-56,253930;-59,086735;-57,196252;-34,472142;-34,435586;-37,732030;-0,085822;-34,693547
9683,450195;-0,085533;-44,866821;-45,242572;-45,272022;-39,189773;-39,562988;-39,557786;-20,221868;-20,603373;-20,403317;-59,288764;-61,214808;-61,800550;-56,125546;-59,098393;-57,071113;-34,841200;-34,818161;-38,334392;-0,085840;-35,064072
9795,580078;-0,085059;-45,264264;-45,650501;-45,665997;-39,883010;-40,304127;-40,256519;-20,638311;-21,044505;-20,839795;-59,037848;-61,032250;-61,563493;-55,969927;-59,114145;-56,907930;-35,205354;-35,198155;-38,956437;-0,085384;-35,431171
9908,990234;-0,085085;-45,668415;-46,070024;-46,067421;-40,608588;-41,081121;-40,990794;-21,091288;-21,525734;-21,313587;-58,772233;-60,847145;-61,310364;-55,788654;-59,083374;-56,707887;-35,568325;-35,577508;-39,603639;-0,085410;-35,797109
10023,799805;-0,084743;-46,083032;-46,494848;-46,477143;-41,366673;-41,829849;-41,694136;-21,588727;-22,052991;-21,829303;-58,485047;-60,611533;-61,029442;-55,573855;-59,025727;-56,472849;-35,930259;-35,956720;-40,275533;-0,084919;-36,162209
10139,799805;-0,084550;-46,508416;-46,932720;-46,892102;-42,097905;-42,669433;-42,498439;-22,139642;-22,633919;-22,393288;-58,171304;-60,351346;-60,720553;-55,321912;-58,944506;-56,194823;-36,292104;-36,338021;-40,908850;-0,084708;-36,527651
10257,200195;-0,084366;-46,943899;-47,392907;-47,326289;-42,920770;-43,502898;-43,327331;-22,756848;-23,275518;-23,009966;-57,832083;-60,056459;-60,369771;-55,017110;-58,825028;-55,871579;-36,654480;-36,723300;-41,626196;-0,084393;-36,894251
10376,000000;-0,084235;-47,393517;-47,855426;-47,765852;-43,741906;-44,272497;-44,154730;-23,453157;-23,980850;-23,679883;-57,457061;-59,719592;-59,990278;-54,682521;-58,666848;-55,486683;-37,021472;-37,114495;-42,335780;-0,084305;-37,265906
10496,099609;-0,084138;-47,861179;-48,340380;-48,223276;-44,505414;-44,848026;-44,917714;-24,230099;-24,737942;-24,387894;-57,040788;-59,338927;-59,558282;-54,293626;-58,458967;-55,053106;-37,391330;-37,514024;-42,982948;-0,084358;-37,641654
10617,700195;-0,083700;-48,345032;-48,849735;-48,696224;-45,098551;-45,057235;-45,498780;-25,041856;-25,487173;-25,074915;-56,583446;-58,899854;-59,078686;-53,852604;-58,195968;-54,548317;-37,768634;-37,923379;-43,461434;-0,084094;-38,024150
10740,599609;-0,083401;-48,854357;-49,377808;-49,179929;-45,332363;-44,738646;-45,727283;-25,744734;-26,058152;-25,582680;-56,071778;-58,403284;-58,546475;-53,345214;-57,873529;-53,967378;-38,153519;-38,346446;-43,598915;-0,083647;-38,415724
10865,000000;-0,083296;-49,386070;-49,945860;-49,699408;-45,021672;-43,852141;-45,429191;-26,092889;-26,152951;-25,655247;-55,510116;-57,832286;-57,949474;-52,771601;-57,481466;-53,307387;-38,548459;-38,786118;-43,211055;-0,083621;-38,818203
10990,799805;-0,083112;-49,945778;-50,543321;-50,236434;-44,104065;-42,490336;-44,554799;-25,841395;-25,524485;-25,088683;-54,882543;-57,197384;-57,282406;-52,115556;-57,014078;-52,556163;-38,956668;-39,245894;-42,219067;-0,083340;-39,233718
11118,099609;-0,082796;-50,532801;-51,182857;-50,801811;-42,702911;-40,819315;-43,203127;-24,903618;-24,209683;-23,904784;-54,187067;-56,474991;-56,533593;-51,371502;-56,462496;-51,705779;-39,381047;-39,730953;-40,741065;-0,083051;-39,666853
11246,799805;-0,082516;-51,180559;-51,867562;-51,406601;-41,005537;-38,991167;-41,548335;-23,405192;-22,452273;-22,291938;-53,412978;-55,659064;-55,707997;-50,536627;-55,807716;-50,748926;-39,824932;-40,245549;-39,031086;-0,082814;-40,120066
11377,099609;-0,082402;-51,844842;-52,603035;-52,050586;-39,177755;-37,127153;-39,744436;-21,571098;-20,487707;-20,454484;-52,551850;-54,750599;-54,782123;-49,587893;-55,038523;-49,684695;-40,292154;-40,791593;-37,396413;-0,082603;-40,598616
11508,799805;-0,082121;-52,574394;-53,397531;-52,736300;-37,337145;-35,332766;-37,897771;-19,590786;-18,463988;-18,535314;-51,593490;-53,726198;-53,752221;-48,532889;-54,128993;-48,519467;-40,788815;-41,302369;-36,167180;-0,082489;-41,040372
11642,099609;-0,081850;-53,344688;-54,247100;-53,471644;-35,593601;-33,745877;-36,105330;-17,580037;-16,462439;-16,620274;-50,530202;-52,581896;-52,611341;-47,375124;-53,035305;-47,309769;-41,249301;-41,888356;-35,607734;-0,081911;-41,578981
11776,900391;-0,081218;-54,169515;-55,119854;-54,256735;-34,097458;-32,562026;-34,495616;-15,615961;-14,553930;-14,781360;-49,355847;-51,313861;-51,352930;-46,166279;-51,695958;-46,177132;-41,804784;-42,423649;-35,750920;-0,081507;-42,144689
11913,200195;-0,081201;-54,992332;-55,936350;-55,065992;-33,050394;-31,972403;-33,264163;-13,778534;-12,914066;-13,143141;-48,070719;-49,926120;-49,983035;-45,041220;-50,056955;-45,366178;-42,368655;-42,771235;-36,365871;-0,081560;-42,715238
12051,200195;-0,081096;-55,803750;-56,635473;-55,867799;-32,620658;-32,022770;-32,623333;-12,157638;-11,379837;-11,664827;-46,707480;-48,440289;-48,519004;-44,223260;-48,187487;-45,147806;-42,874258;-42,708877;-37,110633;-0,081192;-43,221067
12190,700195;-0,081052;-56,434854;-56,916574;-56,574308;-32,807464;-32,566122;-32,650161;-10,897740;-10,365359;-10,610393;-45,331224;-46,927801;-47,035670;-43,876129;-46,367199;-45,498126;-43,152621;-42,116770;-37,639073;-0,081244;-43,493230
12331,900391;-0,080508;-56,652826;-56,562430;-57,026528;-33,437058;-33,391075;-33,209381;-10,104167;-9,842451;-10,002823;-44,096726;-45,538969;-45,679365;-43,765364;-44,881223;-45,918037;-42,986071;-41,243606;-37,741602;-0,080569;-43,303921
12474,700195;-0,080377;-56,245356;-55,504937;-56,989415;-34,309987;-34,337505;-34,077845;-9,795268;-9,764979;-9,822836;-43,239146;-44,504859;-44,685929;-43,582971;-43,882374;-45,934017;-42,434115;-40,577035;-37,607757;-0,080613;-42,686742
12619,099609;-0,080341;-55,151408;-53,921485;-56,270423;-35,283020;-35,318668;-35,081115;-9,876667;-10,002713;-9,967588;-42,964489;-44,041250;-44,271332;-43,457023;-43,489751;-45,695013;-41,938330;-40,385192;-37,666119;-0,080420;-42,098071
12765,299805;-0,080114;-53,565961;-52,087532;-54,953184;-36,282757;-36,294371;-36,121710;-10,206061;-10,417509;-10,311184;-43,260031;-44,158823;-44,442985;-43,652726;-43,691195;-45,632707;-41,820205;-40,609362;-38,085457;-0,079903;-41,913849
12913,099609;-0,079771;-51,775959;-50,280237;-53,296862;-37,280628;-37,254817;-37,159285;-10,661373;-10,910054;-10,753957;-43,914240;-44,653053;-44,997210;-44,167113;-44,274713;-45,883170;-42,073047;-41,083374;-38,768086;-0,079798;-42,139420
13062,599609;-0,079333;-50,151358;-48,807469;-51,645851;-38,269743;-38,202251;-38,183768;-11,162203;-11,420758;-11,231559;-44,693038;-45,286760;-45,697038;-44,835892;-44,993505;-46,328074;-42,560524;-41,687867;-39,584573;-0,079570;-42,623480
13213,900391;-0,078825;-49,032163;-47,989102;-50,401472;-39,250594;-39,142428;-39,195234;-11,664528;-11,917803;-11,708020;-45,448199;-45,906577;-46,390788;-45,514302;-45,689376;-46,826095;-43,177555;-42,361938;-40,463265;-0,079053;-43,246678
13366,900391;-0,078746;-48,712716;-48,035443;-49,915097;-40,235386;-40,085665;-40,202793;-12,146800;-12,387491;-12,165212;-46,113197;-46,442115;-47,006003;-46,124335;-46,290880;-47,293361;-43,875735;-43,083546;-41,374220;-0,078869;-43,947672
13521,700195;-0,078334;-49,233025;-48,842689;-50,303700;-41,233098;-41,041606;-41,216806;-12,599440;-12,823188;-12,595736;-46,664083;-46,868281;-47,517226;-46,634817;-46,769596;-47,695059;-44,630553;-43,846229;-42,310426;-0,078466;-44,704092
13678,200195;-0,077791;-50,336273;-50,123425;-51,348053;-42,256581;-42,026055;-42,248644;-13,020787;-13,224617;-12,998414;-47,091554;-47,178375;-47,923607;-47,037076;-47,122363;-48,017410;-45,441794;-44,653335;-43,275367;-0,078115;-45,508929
13836,599609;-0,077615;-51,731054;-51,576908;-52,729452;-43,314168;-43,043995;-43,310289;-13,411066;-13,596908;-13,374734;-47,402923;-47,378048;-48,226254;-47,331722;-47,357235;-48,260247;-46,311694;-45,511811;-44,278067;-0,077931;-46,366385
13996,799805;-0,077230;-53,164466;-52,998608;-54,234479;-44,418566;-44,112275;-44,412515;-13,773868;-13,945591;-13,726662;-47,600925;-47,469353;-48,433589;-47,522077;-47,479026;-48,427537;-47,244603;-46,430871;-45,325529;-0,077466;-47,282206
14158,900391;-0,076853;-54,429592;-54,148278;-55,689416;-45,566755;-45,231065;-45,561678;-14,112174;-14,274329;-14,055429;-47,689815;-47,458974;-48,552072;-47,610432;-47,495521;-48,521599;-48,237929;-47,414805;-46,423243;-0,077010;-48,257864
14322,900391;-0,076634;-55,204754;-54,747182;-56,926873;-46,744069;-46,399167;-46,751757;-14,428769;-14,584281;-14,363749;-47,675743;-47,352170;-48,588534;-47,602217;-47,411910;-48,547772;-49,267619;-48,458969;-47,565510;-0,076897;-49,284121
14488,700195;-0,076310;-55,262154;-54,549940;-57,692583;-47,887134;-47,570513;-47,951984;-14,725338;-14,876762;-14,652529;-47,556383;-47,150729;-48,550049;-47,496736;-47,233011;-48,507015;-50,274196;-49,521404;-48,715061;-0,076380;-50,323862
14656,500000;-0,076135;-54,564747;-53,642952;-57,801885;-48,856331;-48,645267;-49,070307;-15,005372;-15,153744;-14,924520;-47,336450;-46,854216;-48,434645;-47,296138;-46,959156;-48,402683;-51,101126;-50,502714;-49,779642;-0,076117;-51,286457
14826,200195;-0,075705;-53,336215;-52,266704;-57,255894;-49,402106;-49,407544;-49,924541;-15,269759;-15,416913;-15,181680;-47,012290;-46,464866;-48,249575;-47,000128;-46,592448;-48,239184;-51,503315;-51,188618;-50,574283;-0,075907;-51,992073
14997,900391;-0,075565;-51,815239;-50,650739;-56,260421;-49,275525;-49,567564;-50,255451;-15,521260;-15,668237;-15,425475;-46,586309;-45,981394;-47,994508;-46,600318;-46,131177;-48,010679;-51,227507;-51,279102;-50,848629;-0,075679;-52,191756
15171,500000;-0,075136;-50,215094;-48,952550;-55,039357;-48,447384;-48,967731;-49,892414;-15,761045;-15,909461;-15,657536;-46,060560;-45,414258;-47,667087;-46,103651;-45,575712;-47,722403;-50,253103;-50,601293;-50,438227;-0,075118;-51,721907
15347,200195;-0,074890;-48,584169;-47,265550;-53,746046;-47,124395;-47,752738;-48,917998;-15,991363;-16,142632;-15,878818;-45,450443;-44,790284;-47,268497;-45,514172;-44,941139;-47,371105;-48,802059;-49,282882;-49,427321;-0,074803;-50,658054
15524,900391;-0,074531;-47,008338;-45,675541;-52,439022;-45,570911;-46,201611;-47,578053;-16,214012;-16,368730;-16,091417;-44,794732;-44,177968;-46,796375;-44,856241;-44,261140;-46,956369;-47,126012;-47,619658;-48,059926;-0,074330;-49,236220
15704,700195;-0,074338;-45,579046;-44,333522;-51,148022;-43,948110;-44,534937;-46,092258;-16,429555;-16,589662;-16,295845;-44,193283;-43,725806;-46,255666;-44,189272;-43,620882;-46,479029;-45,394370;-45,834302;-46,550155;-0,074128;-47,669944
15886,500000;-0,074023;-44,472224;-43,505472;-49,886638;-42,333904;-42,862427;-44,583018;-16,639247;-16,805709;-16,494346;-43,823820;-43,675758;-45,649918;-43,639549;-43,186488;-45,942846;-43,675214;-44,046867;-45,019504;-0,073944;-46,080128
16070,500000;-0,073848;-43,917075;-43,419769;-48,671533;-40,760706;-41,237494;-43,100571;-16,842709;-17,015310;-16,686628;-43,923390;-44,236151;-45,007144;-43,410605;-43,187341;-45,361926;-41,996635;-42,308284;-43,513174;-0,073681;-44,515809
16256,599609;-0,073428;-44,037820;-44,052918;-47,533050;-39,248522;-39,699935;-41,660515;-17,037391;-17,212810;-16,873742;-44,602473;-45,332635;-44,376745;-43,692244;-43,739167;-44,772706;-40,379583;-40,666214;-42,047294;-0,072989;-42,992933
16444,900391;-0,073086;-44,698332;-45,136470;-46,533996;-37,828632;-38,320350;-40,265693;-17,215079;-17,386636;-17,056494;-45,665079;-46,542607;-43,832418;-44,456714;-44,627519;-44,226990;-38,856571;-39,200382;-40,626746;-0,072735;-41,513948
16635,300781;-0,072814;-45,560377;-46,383213;-45,735887;-36,564769;-37,210983;-38,917702;-17,364227;-17,514351;-17,235526;-46,676476;-47,361247;-43,396224;-45,381642;-45,420043;-43,754624;-37,497860;-38,050758;-39,256811;-0,072490;-40,081648
16827,900391;-0,072595;-46,333943;-47,621704;-45,125808;-35,551549;-36,485764;-37,623070;-17,469319;-17,561518;-17,408715;-47,214395;-47,509284;-42,914317;-46,035222;-45,787364;-43,263015;-36,424489;-37,378218;-37,953316;-0,072245;-38,707172
17022,800781;-0,072070;-46,926991;-48,828276;-44,595011;-34,861654;-36,125657;-36,392092;-17,520943;-17,515656;-17,576619;-47,122620;-47,091378;-42,163889;-46,170431;-45,722666;-42,532867;-35,761151;-37,210353;-36,745845;-0,071763;-37,413164
17219,900391;-0,072070;-47,373378;-50,006176;-44,018940;-34,460567;-35,908214;-35,231349;-17,520681;-17,374493;-17,730425;-46,648438;-46,447149;-41,115777;-45,924374;-45,478568;-41,434787;-35,508873;-37,312122;-35,661331;-0,071877;-36,226660
17419,300781;-0,071737;-47,671414;-51,063697;-43,326822;-34,224020;-35,575889;-34,167029;-17,504244;-17,196818;-17,875298;-46,256772;-45,901674;-39,974154;-45,638407;-45,326571;-40,066178;-35,481311;-37,307279;-34,704540;-0,071272;-35,170365
17621,000000;-0,071457;-47,871276;-51,894507;-42,647539;-34,049298;-35,037591;-33,318207;-17,499748;-17,080232;-17,992589;-46,287978;-45,695364;-38,972318;-45,546795;-45,393109;-38,676837;-35,446070;-36,964393;-33,939234;-0,070712;-34,329588
17825,000000;-0,071404;-48,238242;-52,479965;-42,274620;-33,894048;-34,378059;-32,870266;-17,506069;-17,071671;-18,054784;-46,811470;-45,954905;-38,197027;-45,683425;-45,650035;-37,530742;-35,303128;-36,331016;-33,530503;-0,070660;-33,900501
18031,400391;-0,070852;-48,990248;-53,001712;-42,330894;-33,821587;-33,803013;-32,903853;-17,489008;-17,148332;-18,020277;-47,727983;-46,604423;-37,649139;-46,032299;-46,049276;-36,795012;-35,157424;-35,652585;-33,584200;-0,070283;-34,045709
18240,199219;-0,070634;-50,109923;-53,647967;-42,666859;-33,964083;-33,542058;-33,290200;-17,431820;-17,265208;-17,878495;-48,940896;-47,350348;-37,339191;-46,670782;-46,656510;-36,480665;-35,220221;-35,211708;-33,992352;-0,070038;-34,711436
18451,400391;-0,070178;-51,476869;-54,435129;-43,138199;-34,379651;-33,693905;-33,798332;-17,371733;-17,388629;-17,703045;-50,336759;-47,870308;-37,235525;-47,683775;-47,504646;-36,469204;-35,583670;-35,172657;-34,507469;-0,069714;-35,576673
18665,099609;-0,069942;-52,967784;-55,108471;-43,852330;-35,008060;-34,150404;-34,226566;-17,359675;-17,505287;-17,598924;-51,674981;-48,048488;-37,285265;-48,986825;-48,340743;-36,627281;-36,189388;-35,501884;-34,904158;-0,069486;-36,181606
18881,199219;-0,069889;-54,547065;-55,418605;-44,953376;-35,697352;-34,654875;-34,384655;-17,403625;-17,613430;-17,589772;-52,539736;-47,953048;-37,514286;-50,301794;-48,786113;-36,930959;-36,912129;-35,982607;-34,989990;-0,069338;-36,198748
19099,800781;-0,069329;-56,135671;-55,510427;-46,378288;-36,234821;-34,920502;-34,183865;-17,480036;-17,712318;-17,626771;-52,568485;-47,712245;-38,066526;-51,260472;-48,748814;-37,502354;-37,598727;-36,314577;-34,697320;-0,068847;-35,674570
19321,000000;-0,069057;-57,685394;-55,828217;-47,991085;-36,442693;-34,846812;-33,866911;-17,567950;-17,802627;-17,658222;-51,847730;-47,503513;-39,083765;-51,543182;-48,443962;-38,508718;-38,077866;-36,296583;-34,296057;-0,068479;-35,055171
19544,699219;-0,068803;-59,109754;-56,629697;-49,687556;-36,396048;-34,710633;-33,862325;-17,656365;-17,884484;-17,675485;-50,925807;-47,581899;-40,513193;-51,202519;-48,230375;-39,948904;-38,272377;-36,078467;-34,229919;-0,068138;-34,848397
19771,099609;-0,068681;-60,218963;-57,691518;-51,431893;-36,455216;-34,891752;-34,332392;-17,742071;-17,959563;-17,705379;-50,369113;-48,112480;-42,127949;-50,728112;-48,423321;-41,617820;-38,374207;-36,072330;-34,662953;-0,067867;-35,199554
20000,000000;-0,068471;-60,763484;-58,484683;-53,206281;-36,858242;-35,456823;-35,135864;-17,822411;-18,028648;-17,760039;-50,322466;-48,987607;-43,704091;-50,552829;-49,063030;-43,274594;-38,676091;-36,469378;-35,446687;-0,067517;-35,931182
20154,099609;-0,067998;-60,767886;-58,680642;-54,391984;-37,296265;-35,972331;-35,762698;-17,871286;-18,070420;-17,805595;-50,486286;-49,635540;-44,666286;-50,627737;-49,628642;-44,292848;-39,029610;-36,907748;-36,065867;-0,067158;-36,523518
20309,400391;-0,068015;-60,478285;-58,595769;-55,579335;-37,819166;-36,543856;-36,419656;-17,916679;-18,109250;-17,853968;-50,727365;-50,260005;-45,537917;-50,797114;-50,216614;-45,219175;-39,477182;-37,425942;-36,717644;-0,067044;-37,151585
20465,900391;-0,067832;-60,016101;-58,257439;-56,718120;-38,390933;-37,141704;-37,087372;-17,958052;-18,144043;-17,902613;-50,986552;-50,826851;-46,312196;-51,011142;-50,775434;-46,044223;-39,984466;-37,985078;-37,381237;-0,066799;-37,793325
20623,599609;-0,067508;-59,415653;-57,782014;-57,782687;-38,988306;-37,749643;-37,755410;-17,995209;-18,175316;-17,949199;-51,239728;-51,318111;-46,992217;-51,229691;-51,273312;-46,767967;-40,527322;-38,561918;-38,046873;-0,066510;-38,436738
20782,500000;-0,067245;-58,759196;-57,207203;-58,694607;-39,599324;-38,357008;-38,420284;-18,028163;-18,202604;-17,993141;-51,465319;-51,734206;-47,581484;-51,433740;-51,704376;-47,396651;-41,091445;-39,143452;-38,708819;-0,066072;-39,077357
20942,599609;-0,067018;-58,082044;-56,609744;-59,367388;-40,216487;-38,961291;-39,081498;-18,057146;-18,226012;-18,033425;-51,658708;-52,073851;-48,086902;-51,610204;-52,062663;-47,935163;-41,669037;-39,724218;-39,366984;-0,065845;-39,713538
21104,000000;-0,066877;-57,424069;-55,992348;-59,743931;-40,838111;-39,562823;-39,740304;-18,081905;-18,245578;-18,069933;-51,816525;-52,347594;-48,515345;-51,758319;-52,355155;-48,392701;-42,256355;-40,302849;-40,022900;-0,065731;-40,347584
21266,500000;-0,066790;-56,757139;-55,387650;-59,767999;-41,466547;-40,160106;-40,398850;-18,102336;-18,261419;-18,102196;-51,938173;-52,561215;-48,872382;-51,874171;-52,587481;-48,773869;-42,853712;-40,879053;-40,678874;-0,065644;-40,981307
21430,400391;-0,066466;-56,135003;-54,804445;-59,505444;-42,101113;-40,758545;-41,061075;-18,119246;-18,273373;-18,130025;-52,029360;-52,722310;-49,164173;-51,961586;-52,766161;-49,086956;-43,461137;-41,455755;-41,337475;-0,065144;-41,617109
21595,500000;-0,066475;-55,537405;-54,250012;-59,027591;-42,745378;-41,361176;-41,729222;-18,133037;-18,282278;-18,154291;-52,086310;-52,838599;-49,397134;-52,015250;-52,900975;-49,338140;-44,080440;-42,036119;-42,002890;-0,065136;-42,258743
21761,900391;-0,066107;-54,972493;-53,717681;-58,428181;-43,397533;-41,972665;-42,406055;-18,144254;-18,288908;-18,175035;-52,116467;-52,913566;-49,576035;-52,043980;-52,989729;-49,533839;-44,711590;-42,625043;-42,675991;-0,064979;-42,907990
21929,599609;-0,066081;-54,421317;-53,228958;-57,770918;-44,058168;-42,600694;-43,093003;-18,154783;-18,295045;-18,193428;-52,119095;-52,951139;-49,708089;-52,049160;-53,043100;-49,678260;-45,352092;-43,230221;-43,357643;-0,064506;-43,566363
22098,500000;-0,065967;-53,922693;-52,778784;-57,112751;-44,724898;-43,255241;-43,787944;-18,167435;-18,304258;-18,211366;-52,098857;-52,951757;-49,796690;-52,028805;-53,062735;-49,776723;-45,995205;-43,862907;-44,046701;-0,064462;-44,232531
22268,800781;-0,065810;-53,433713;-52,395016;-56,479565;-45,382644;-43,954338;-44,483234;-18,186517;-18,321567;-18,231891;-52,059668;-52,918677;-49,847847;-51,990415;-53,043373;-49,834336;-46,626934;-44,544093;-44,733597;-0,064331;-44,898136
22440,400391;-0,065398;-52,988837;-52,096199;-55,911143;-46,008605;-44,735814;-45,160384;-18,218296;-18,354995;-18,259856;-52,011233;-52,841875;-49,872606;-51,937349;-52,983569;-49,858110;-47,217684;-45,308996;-45,397135;-0,064226;-45,546647
22613,300781;-0,065250;-52,580898;-51,935461;-55,422655;-46,561537;-45,659845;-45,785183;-18,270027;-18,414276;-18,302543;-51,960967;-52,708080;-49,884659;-51,879183;-52,866559;-49,860488;-47,719065;-46,226088;-45,999796;-0,064173;-46,142287
22787,500000;-0,065075;-52,215721;-51,929594;-55,037934;-46,992237;-46,832177;-46,305947;-18,344293;-18,505133;-18,365063;-51,924725;-52,498878;-49,904794;-51,831707;-52,665304;-49,858191;-48,076771;-47,411563;-46,488117;-0,064042;-46,636756
22963,099609;-0,064733;-51,909894;-52,033629;-54,755916;-47,276583;-48,403231;-46,691270;-18,433402;-18,621226;-18,449953;-51,918282;-52,203713;-49,951676;-51,816898;-52,362759;-49,875692;-48,270392;-49,042734;-46,828078;-0,063884;-46,993792
23140,000000;-0,064891;-51,693086;-52,093088;-54,586842;-47,478636;-50,476444;-46,978997;-18,520504;-18,744826;-18,553384;-51,934809;-51,837169;-50,019490;-51,845623;-51,948652;-49,923261;-48,375233;-51,278274;-47,065653;-0,063631;-47,251226
23318,300781;-0,064576;-51,572167;-51,924416;-54,557271;-47,722149;-52,751519;-47,283652;-18,591706;-18,858323;-18,667743;-51,936079;-51,457129;-50,062569;-51,894029;-51,482080;-49,982570;-48,545727;-53,871456;-47,330449;-0,063552;-47,527697
23498,000000;-0,064514;-51,539050;-51,506516;-54,659242;-48,083685;-53,919501;-47,678412;-18,640812;-18,948429;-18,776758;-51,880444;-51,104057;-50,032465;-51,912324;-51,035492;-50,000296;-48,864160;-55,248774;-47,710260;-0,063395;-47,908546
23679,000000;-0,064340;-51,486838;-50,983875;-54,738836;-48,487239;-52,992015;-48,090208;-18,659551;-19,000297;-18,853830;-51,755360;-50,784508;-49,921028;-51,852964;-50,646891;-49,941139;-49,257501;-54,047021;-48,137337;-0,063228;-48,337544
23861,500000;-0,064173;-51,292925;-50,472005;-54,568604;-48,748148;-51,045586;-48,329201;-18,641035;-19,005951;-18,879979;-51,576777;-50,483701;-49,751916;-51,721103;-50,308907;-49,816218;-49,524187;-51,792993;-48,427170;-0,063010;-48,638807
24045,300781;-0,063981;-50,922569;-50,031390;-54,081800;-48,618026;-49,006230;-48,208983;-18,588235;-18,971084;-18,858323;-51,363722;-50,199313;-49,562130;-51,532788;-50,004032;-49,660836;-49,407492;-49,589124;-48,383986;-0,062835;-48,621071
24230,599609;-0,063920;-50,472991;-49,647559;-53,451391;-47,964882;-47,107093;-47,664191;-18,511425;-18,906743;-18,804416;-51,154451;-49,943922;-49,382130;-51,332605;-49,741165;-49,512961;-48,747577;-47,608847;-47,919175;-0,062563;-48,191947
24417,300781;-0,063473;-50,034892;-49,301870;-52,852739;-46,885728;-45,411083;-46,781363;-18,420068;-18,821539;-18,733107;-51,012284;-49,769792;-49,262344;-51,184808;-49,561164;-49,419534;-47,653973;-45,871312;-47,098200;-0,062205;-47,400092
24605,400391;-0,063526;-49,643551;-48,982939;-52,342629;-45,692152;-44,002345;-45,771279;-18,319992;-18,722229;-18,653895;-51,031377;-49,773083;-49,302681;-51,195992;-49,561999;-49,474636;-46,446621;-44,440132;-46,123439;-0,062205;-46,433821
24794,900391;-0,063272;-49,291940;-48,676885;-51,897309;-44,725856;-43,029875;-44,920943;-18,213416;-18,612855;-18,568987;-51,340903;-50,100220;-49,646820;-51,489739;-49,888780;-49,821195;-45,472956;-43,451787;-45,283871;-0,061977;-45,581375
24986,000000;-0,063097;-48,967731;-48,384328;-51,506483;-44,258275;-42,643652;-44,497232;-18,101498;-18,495852;-18,479358;-52,035643;-50,883832;-50,421027;-52,165741;-50,679205;-50,589232;-45,002167;-43,052175;-44,855071;-0,061767;-45,124914
25178,500000;-0,062922;-48,666608;-48,102981;-51,147113;-44,393221;-42,881625;-44,629265;-17,984389;-18,373414;-18,385090;-53,042047;-52,104980;-51,601281;-53,146810;-51,930314;-51,756906;-45,141398;-43,277963;-44,974695;-0,061584;-45,207208
25372,500000;-0,062774;-48,376031;-47,825864;-50,811125;-45,049543;-43,626471;-45,255240;-17,865306;-18,248773;-18,287982;-54,083910;-53,527616;-52,941847;-54,159800;-53,415420;-53,084373;-45,806530;-44,011024;-45,586942;-0,061208;-45,778118
25568,000000;-0,062904;-48,089414;-47,553108;-50,491661;-46,056983;-44,697303;-46,216950;-17,748839;-18,128485;-18,191594;-54,852525;-54,791512;-54,091033;-54,897349;-54,772839;-54,219599;-46,824380;-45,069636;-46,534881;-0,061417;-46,684010
25765,000000;-0,062730;-47,814602;-47,288094;-50,190436;-47,259156;-45,945067;-47,368709;-17,645297;-18,024150;-18,103034;-55,222225;-55,617535;-54,811468;-55,244552;-55,700634;-54,930526;-48,039190;-46,307545;-47,674314;-0,061050;-47,782859
25963,500000;-0,062406;-47,544471;-47,022442;-49,900774;-48,554606;-47,279455;-48,615425;-17,573006;-17,958258;-18,037306;-55,261952;-55,958902;-55,082101;-55,272379;-56,120543;-55,202354;-49,341983;-47,631778;-48,909151;-0,060753;-48,981034
26163,599609;-0,062555;-47,275419;-46,763406;-49,622696;-49,872768;-48,641836;-49,896186;-17,563815;-17,968426;-18,020622;-55,113765;-55,938091;-55,041026;-55,111241;-56,144248;-55,166182;-50,651420;-48,987484;-50,176830;-0,060735;-50,220445
26365,099609;-0,062537;-47,011316;-46,505330;-49,358295;-51,133770;-49,980678;-51,153384;-17,662799;-18,108272;-18,093195;-54,873055;-55,717806;-54,824717;-54,869397;-55,935533;-54,957558;-51,877989;-50,321325;-51,425191;-0,060604;-51,457357
26568,300781;-0,062240;-46,742446;-46,251204;-49,107801;-52,237834;-51,221689;-52,319674;-17,915381;-18,428544;-18,300900;-54,600640;-55,407592;-54,531270;-54,599193;-55,622098;-54,672449;-52,900630;-51,564468;-52,582562;-0,060359;-52,633518
26773,000000;-0,061872;-46,475569;-46,002622;-48,873250;-53,041618;-52,248360;-53,290441;-18,326723;-18,928060;-18,662231;-54,326514;-55,071998;-54,213038;-54,326107;-55,276160;-54,363885;-53,564760;-52,602627;-53,549123;-0,060062;-53,661857
26979,300781;-0,061697;-46,203758;-45,757449;-48,655684;-53,402284;-52,912645;-53,938240;-18,816005;-19,504132;-19,118539;-54,064591;-54,738457;-53,894822;-54,063713;-54,930672;-54,055999;-53,753109;-53,288034;-54,195878;-0,059791;-54,422551
27187,099609;-0,061759;-45,927296;-45,517925;-48,459820;-53,269004;-53,094251;-54,159178;-19,232923;-19,988369;-19,535774;-53,814894;-54,417799;-53,588060;-53,816086;-54,598588;-53,758061;-53,458464;-53,491740;-54,424151;-0,059948;-54,796997
27396,599609;-0,061636;-45,646523;-45,273074;-48,275976;-52,720169;-52,793548;-53,947279;-19,460596;-20,264413;-19,797140;-53,581836;-54,118174;-53,295658;-53,583744;-54,285389;-53,475700;-52,793851;-53,206281;-54,221608;-0,059817;-54,733955
27607,699219;-0,061365;-45,364197;-45,017074;-48,095963;-51,907499;-52,123934;-53,395216;-19,483646;-20,327294;-19,877100;-53,364614;-53,839731;-53,018531;-53,364614;-53,993700;-53,207354;-51,917494;-52,542680;-53,676817;-0,059738;-54,287369
27820,400391;-0,061408;-45,075960;-44,747629;-47,914096;-50,961939;-51,246860;-52,632960;-19,354396;-20,236984;-19,817188;-53,160631;-53,576402;-52,755291;-53,160592;-53,721854;-52,954767;-50,945140;-51,655816;-52,921291;-0,059484;-53,580466
28034,699219;-0,061523;-44,779977;-44,466630;-47,728977;-49,973200;-50,273771;-51,774476;-19,132990;-20,056826;-19,672288;-52,970104;-53,334159;-52,502688;-52,969755;-53,467917;-52,713671;-49,951403;-50,669172;-52,065903;-0,059432;-52,737166
28250,800781;-0,061295;-44,478229;-44,172419;-47,542918;-48,990248;-49,279822;-50,890464;-18,861751;-19,829785;-19,481355;-52,792942;-53,106732;-52,261856;-52,790518;-53,229875;-52,483072;-48,971781;-49,659225;-51,183959;-0,059222;-51,844366
28468,400391;-0,061111;-44,165710;-43,866987;-47,360214;-48,033471;-48,302841;-50,018637;-18,564348;-19,579689;-19,267103;-52,627160;-52,895415;-52,030957;-52,621550;-53,010098;-52,262177;-48,020143;-48,661944;-50,314373;-0,058969;-50,953566
28687,800781;-0,061190;-43,839523;-43,548754;-47,180260;-47,107880;-47,354135;-49,179929;-18,251116;-19,318265;-19,040648;-52,473316;-52,698594;-51,806645;-52,462806;-52,802646;-52,050794;-47,101484;-47,693332;-49,476395;-0,058969;-50,088502
28908,800781;-0,060989;-43,498791;-43,213796;-47,004913;-46,214924;-46,436627;-48,378765;-17,926594;-19,050064;-18,806460;-52,331808;-52,513833;-51,587883;-52,313828;-52,609523;-51,846268;-46,214445;-46,757958;-48,676272;-0,058776;-49,262269
29131,500000;-0,060639;-43,142251;-42,866207;-46,834295;-45,350114;-45,552966;-47,615963;-17,591088;-18,775702;-18,566262;-52,201376;-52,344859;-51,375170;-52,175545;-52,428190;-51,646249;-45,353958;-45,852515;-47,914378;-0,058435;-48,475039
29356,000000;-0,060630;-42,768954;-42,502400;-46,667582;-44,510215;-44,695319;-46,890642;-17,244438;-18,494975;-18,320994;-52,085507;-52,190307;-51,166254;-52,047803;-52,260823;-51,452940;-44,515517;-44,974757;-47,191127;-0,058645;-47,726884
29582,199219;-0,060569;-42,383294;-42,129036;-46,508251;-43,691740;-43,861376;-46,198401;-16,885447;-18,206418;-18,071255;-51,981404;-52,048917;-50,961294;-51,931172;-52,105469;-51,264475;-43,694636;-44,120604;-46,501271;-0,058321;-47,014880
29810,099609;-0,060560;-41,997444;-41,760951;-46,351088;-42,893773;-43,052225;-45,537046;-16,514790;-17,909166;-17,820315;-51,896592;-51,924999;-50,758422;-51,827062;-51,960829;-51,081194;-42,890804;-43,290146;-45,842229;-0,058356;-46,336032
30039,800781;-0,060455;-41,637568;-41,422972;-46,198933;-42,121725;-42,271246;-44,901327;-16,134056;-17,603142;-17,574188;-51,829536;-51,817169;-50,557837;-51,731691;-51,827740;-50,899416;-42,109159;-42,491100;-45,209724;-0,057963;-45,685882
30271,199219;-0,060280;-41,353102;-41,175497;-46,053320;-41,389985;-41,538406;-44,289503;-15,749323;-17,291177;-17,345267;-51,782567;-51,727534;-50,359889;-51,649337;-51,700967;-50,722021;-41,367060;-41,743363;-44,600777;-0,057805;-45,062134
30504,500000;-0,060149;-41,228715;-41,106370;-45,914398;-40,728021;-40,884821;-43,699542;-15,369691;-16,978061;-17,150397;-51,740480;-51,640773;-50,163385;-51,571870;-51,571706;-50,543994;-40,693849;-41,084988;-44,013451;-0,057796;-44,462186
30739,500000;-0,060027;-41,348070;-41,313355;-45,783932;-40,168161;-40,349085;-43,131706;-15,008794;-16,668911;-16,998816;-51,642001;-51,508411;-49,968409;-51,480060;-51,418268;-50,366734;-40,132175;-40,567108;-43,446232;-0,057701;-43,883542
30976,300781;-0,059826;-41,735870;-41,819529;-45,662645;-39,727079;-39,947091;-42,588715;-14,680591;-16,361529;-16,869865;-51,351936;-51,230197;-49,773404;-51,318559;-51,194069;-50,183027;-39,710345;-40,218260;-42,900830;-0,057552;-43,327026
31215,000000;-0,059930;-42,277069;-42,498914;-45,546137;-39,397320;-39,662089;-42,078044;-14,398909;-16,037090;-16,704202;-50,709762;-50,679947;-49,578547;-50,958105;-50,813447;-49,986957;-39,421015;-40,009769;-42,381774;-0,057569;-42,793959
31455,500000;-0,059869;-42,825925;-43,174488;-45,427033;-39,212431;-39,505854;-41,612454;-14,199664;-15,668607;-16,446731;-49,664059;-49,792371;-49,387555;-50,248721;-50,169964;-49,765594;-39,268460;-39,907039;-41,900012;-0,057744;-42,288943
31697,900391;-0,059817;-43,399833;-43,812214;-45,298311;-39,298774;-39,585236;-41,210004;-14,120513;-15,244100;-16,087651;-48,393546;-48,669930;-49,198068;-49,170537;-49,232472;-49,504888;-39,354960;-39,980392;-41,469498;-0,057464;-41,817195
31942,099609;-0,059791;-44,203960;-44,588998;-45,157946;-39,796546;-40,037055;-40,879437;-14,147658;-14,770556;-15,649900;-47,213458;-47,569662;-49,010690;-47,944849;-48,140019;-49,196440;-39,831148;-40,378177;-41,095032;-0,057499;-41,380714
32188,199219;-0,059563;-45,420027;-45,680534;-45,011984;-40,684042;-40,851791;-40,587698;-14,172090;-14,260233;-15,155286;-46,351538;-46,721235;-48,821727;-46,884788;-47,150472;-48,862883;-40,718486;-41,142465;-40,750985;-0,057176;-40,963064
32436,199219;-0,059581;-47,009467;-47,043327;-44,866700;-41,709963;-41,782626;-40,268874;-14,084261;-13,721222;-14,618946;-45,827520;-46,178565;-48,626909;-46,157768;-46,438687;-48,547005;-41,800091;-42,074041;-40,387018;-0,057001;-40,533009
32686,099609;-0,059458;-48,724305;-48,383325;-44,734571;-42,501775;-42,466904;-39,879669;-13,916741;-13,180218;-14,053677;-45,536241;-45,859998;-48,426345;-45,730609;-45,999155;-48,275728;-42,705294;-42,812598;-39,969220;-0,056835;-40,070187
32938,000000;-0,059353;-50,230678;-49,373667;-44,618172;-42,807437;-42,673851;-39,425404;-13,835714;-12,669300;-13,488168;-45,369772;-45,665580;-48,220792;-45,488219;-45,737618;-48,045789;-43,135158;-43,087920;-39,501835;-0,056774;-39,577124
33191,699219;-0,059196;-51,245718;-49,845553;-44,512420;-42,619463;-42,422306;-38,929212;-14,007980;-12,242847;-12,960674;-45,253236;-45,525027;-48,010155;-45,335878;-45,564908;-47,837570;-43,034641;-42,879024;-39,002775;-0,056686;-39,064558
33447,500000;-0,059065;-51,694722;-49,881353;-44,414940;-42,097905;-41,869410;-38,411382;-14,504654;-11,971714;-12,529403;-45,148639;-45,398299;-47,795871;-45,213665;-45,423918;-47,639896;-42,547587;-42,337610;-38,486652;-0,056608;-38,540452
33705,199219;-0,058916;-51,698529;-49,659198;-44,323286;-41,403012;-41,168638;-37,882851;-15,295240;-11,933265;-12,273374;-45,036456;-45,267689;-47,579031;-45,093818;-45,287734;-47,443633;-41,853289;-41,626238;-37,960937;-0,056502;-38,009564
33964,898438;-0,059056;-51,470068;-49,324483;-44,238288;-40,639489;-40,410453;-37,346803;-16,294201;-12,183876;-12,278157;-44,908554;-45,124350;-47,357477;-44,961891;-45,142326;-47,244164;-41,072045;-40,847309;-37,428138;-0,056337;-37,471527
34226,601563;-0,059073;-51,142632;-48,966780;-44,158585;-39,858451;-39,640729;-36,804867;-17,416840;-12,732575;-12,604851;-44,762675;-44,965090;-47,132447;-44,811992;-44,981551;-47,040083;-40,266312;-40,053032;-36,888361;-0,056450;-36,926019
34490,300781;-0,059004;-50,809104;-48,620790;-44,083706;-39,081029;-38,875629;-36,256244;-18,592666;-13,537269;-13,256927;-44,596279;-44,788897;-46,902979;-44,642804;-44,804846;-46,829488;-39,463780;-39,263352;-36,340928;-0,056266;-36,371761
34756,000000;-0,058820;-50,504809;-48,311249;-44,015519;-38,313909;-38,121555;-35,700369;-19,794425;-14,525857;-14,179242;-44,410899;-44,594465;-46,668835;-44,453610;-44,611257;-46,611320;-38,671767;-38,484318;-35,785017;-0,056179;-35,807769
35023,800781;-0,058942;-50,248014;-48,043048;-43,954818;-37,556797;-37,377319;-35,137750;-20,997602;-15,626402;-15,289835;-44,205961;-44,382728;-46,430015;-44,245082;-44,399129;-46,387598;-37,890477;-37,715455;-35,220972;-0,056171;-35,233858
35293,699219;-0,058925;-50,043086;-47,818041;-43,902048;-36,805829;-36,641608;-34,573579;-22,191558;-16,781030;-16,509675;-43,980588;-44,152600;-46,187999;-44,016802;-44,169457;-46,156832;-37,116863;-36,955946;-34,653983;-0,055900;-34,654875
35565,601563;-0,058733;-49,897245;-47,645529;-43,860807;-36,058746;-35,914126;-34,021498;-23,369886;-17,948993;-17,783023;-43,735415;-43,900157;-45,944154;-43,768889;-43,919666;-45,922467;-36,346572;-36,204581;-34,098119;-0,055943;-34,084041
35839,601563;-0,058461;-49,802165;-47,531458;-43,832228;-35,311071;-35,198155;-33,510729;-24,525397;-19,087752;-19,064402;-43,467116;-43,620341;-45,703852;-43,500168;-43,644252;-45,688507;-35,574219;-35,464549;-33,582997;-0,055620;-33,550322
36115,800781;-0,058636;-49,757577;-47,508006;-43,821986;-34,562146;-34,505900;-33,091702;-25,647455;-20,184923;-20,355887;-43,172548;-43,302688;-45,476528;-43,210715;-43,335936;-45,465798;-34,794660;-34,746945;-33,160948;-0,055523;-33,106379
36394,101563;-0,058531;-49,760916;-47,595592;-43,829353;-33,809909;-33,850293;-32,812588;-26,720820;-21,201692;-21,644808;-42,849201;-42,938818;-45,268883;-42,895907;-42,982605;-45,266159;-34,002709;-34,066389;-32,883540;-0,055497;-32,810917
36674,398438;-0,058347;-49,808853;-47,805210;-43,850044;-33,048287;-33,221990;-32,639286;-27,746039;-22,128826;-22,929017;-42,497848;-42,533460;-45,075336;-42,555138;-42,582609;-45,090728;-33,192347;-33,418066;-32,720582;-0,055296;-32,647552
36957,000000;-0,058645;-49,880621;-48,060365;-43,873293;-32,257189;-32,566638;-32,406458;-28,768838;-23,017302;-24,206384;-42,126773;-42,114876;-44,866669;-42,190573;-42,159656;-44,910954;-32,352202;-32,747825;-32,503018;-0,055515;-32,450888
37241,800781;-0,058496;-49,954955;-48,266431;-43,895544;-31,419885;-31,829909;-31,965271;-29,843962;-23,941052;-25,475043;-41,741611;-41,704434;-44,618320;-41,804698;-41,739404;-44,691502;-31,472248;-31,991555;-32,071026;-0,055401;-32,041026
37528,699219;-0,058645;-49,960804;-48,389255;-43,919257;-30,531837;-31,004818;-31,316353;-30,988060;-24,925567;-26,741577;-41,341955;-41,302853;-44,330905;-41,397409;-41,324435;-44,424650;-30,545836;-31,135805;-31,419205;-0,055366;-31,395725
37817,800781;-0,058453;-49,774635;-48,407483;-43,944649;-29,599138;-30,112093;-30,531837;-32,187232;-25,953285;-28,013585;-40,925608;-40,903711;-44,014002;-40,965733;-40,901456;-44,122447;-29,570727;-30,197739;-30,620978;-0,055331;-30,587822
38109,300781;-0,058479;-49,242334;-48,278837;-43,963422;-28,685168;-29,177030;-29,669953;-33,425356;-27,003279;-29,300172;-40,496835;-40,511498;-43,671846;-40,505586;-40,459089;-43,797286;-28,599795;-29,197667;-29,736847;-0,055191;-29,682047
38402,898438;-0,058347;-48,234252;-47,897542;-43,951682;-27,700411;-28,263867;-28,816141;-34,691332;-28,064914;-30,605297;-40,067700;-40,144328;-43,300885;-40,013682;-39,989149;-43,454980;-27,529907;-28,195829;-28,852070;-0,055139;-28,765334
38698,800781;-0,058426;-46,745806;-47,144954;-43,864520;-26,740539;-27,308258;-27,878825;-35,975609;-29,135929;-31,928942;-39,663510;-39,834727;-42,889035;-39,485856;-39,486020;-43,098263;-26,434897;-27,105007;-27,873448;-0,055130;-27,743158
38996,898438;-0,058365;-44,921433;-45,972147;-43,637251;-25,877751;-26,416350;-26,936329;-37,257667;-30,215460;-33,261604;-39,325656;-39,615181;-42,418094;-38,918852;-38,946352;-42,726038;-25,356807;-26,009229;-26,875582;-0,054877;-26,685041
39297,398438;-0,058269;-42,991474;-44,479029;-43,199912;-25,221821;-25,670584;-26,021955;-38,504768;-31,305397;-34,579859;-39,104424;-39,482582;-41,869895;-38,310119;-38,365783;-42,337223;-24,379304;-24,968214;-25,891296;-0,054658;-25,614783
39600,101563;-0,058199;-41,178800;-42,896695;-42,530554;-24,891605;-25,161659;-25,184743;-39,655158;-32,403125;-35,834559;-39,029999;-39,371912;-41,241231;-37,657161;-37,742808;-41,931004;-23,635641;-24,092120;-24,981567;-0,054632;-24,586891
39905,300781;-0,058033;-39,669361;-41,473038;-41,710175;-24,941799;-24,922168;-24,472675;-40,623946;-33,501435;-36,934986;-39,065493;-39,192938;-40,555776;-36,959005;-37,075578;-41,504969;-23,278457;-23,528937;-24,238953;-0,054518;-23,702401
40212,699219;-0,057937;-38,558901;-40,382860;-40,897689;-25,307635;-24,867719;-23,903981;-41,310678;-34,581069;-37,755946;-39,088377;-38,891746;-39,859903;-36,218957;-36,365300;-41,057867;-23,397662;-23,411982;-23,765659;-0,054440;-23,114906
40522,601563;-0,057945;-37,836550;-39,659584;-40,220763;-25,841225;-24,831482;-23,455549;-41,580637;-35,607995;-38,170882;-38,955435;-38,463333;-39,187795;-35,445915;-35,618951;-40,587326;-23,950095;-23,766851;-23,614650;-0,054308;-22,982078
40834,800781;-0,057832;-37,431368;-39,224498;-39,719591;-26,385007;-24,693649;-23,097456;-41,552457;-36,518222;-38,131777;-38,602866;-37,932479;-38,543389;-34,662484;-34,853630;-40,092632;-24,793435;-24,490922;-23,746384;-0,054256;-23,364702
41149,398438;-0,057893;-37,266159;-38,966918;-39,375144;-26,795444;-24,474129;-22,817246;-41,214788;-37,217663;-37,708647;-38,060340;-37,337720;-37,913194;-33,912990;-34,106047;-39,572327;-25,779926;-25,429548;-24,090784;-0,054247;-24,175987
41466,398438;-0,057972;-37,271931;-38,799044;-39,158338;-26,968994;-24,301153;-22,643429;-40,636040;-37,593524;-37,046906;-37,395705;-36,716632;-37,287871;-33,276170;-33,443099;-39,024796;-26,804927;-26,452954;-24,621366;-0,054195;-25,252473
41786,000000;-0,058033;-37,382587;-38,647946;-39,032174;-26,896635;-24,311021;-22,670590;-39,847946;-37,592273;-36,295902;-36,677024;-36,092580;-36,674003;-32,862625;-32,964731;-38,447991;-27,806896;-27,476047;-25,360719;-0,054125;-26,446310
42107,898438;-0,057902;-37,540029;-38,433112;-38,949430;-26,696582;-24,570485;-23,013099;-38,853678;-37,290350;-35,584140;-35,974298;-35,484255;-36,102113;-32,785785;-32,785860;-37,839530;-28,750621;-28,448946;-26,294017;-0,054072;-27,655546
42432,300781;-0,057858;-37,691384;-38,096752;-38,862818;-26,546980;-25,058805;-23,709508;-37,675751;-36,894494;-35,018774;-35,368722;-34,936342;-35,626140;-33,092722;-32,978808;-37,198454;-29,614915;-29,341857;-27,344782;-0,053994;-28,816955
42759,300781;-0,057840;-37,777775;-37,657293;-38,747984;-26,576876;-25,710806;-24,719797;-36,425697;-36,645444;-34,668170;-34,950901;-34,534510;-35,315579;-33,724300;-33,526173;-36,522877;-30,400551;-30,152392;-28,421168;-0,053819;-29,888048
43088,699219;-0,057849;-37,733435;-37,200404;-38,613892;-26,815695;-26,464647;-25,986376;-35,272430;-36,690246;-34,514856;-34,796329;-34,370015;-35,238827;-34,562285;-34,337822;-35,828003;-31,146141;-30,918263;-29,462441;-0,053662;-30,853507
43420,699219;-0,057972;-37,489204;-36,799217;-38,495413;-27,232032;-27,278732;-27,443367;-34,342756;-36,992671;-34,443096;-34,938137;-34,497644;-35,439491;-35,498313;-35,302419;-35,186918;-31,932647;-31,708254;-30,455838;-0,053662;-31,729143
43755,300781;-0,057902;-37,039738;-36,465676;-38,425355;-27,798748;-28,135098;-28,995091;-33,695670;-37,336889;-34,323848;-35,352124;-34,912616;-35,902738;-36,446442;-36,312362;-34,746613;-32,854762;-32,602627;-31,416974;-0,053627;-32,547430
44092,398438;-0,057753;-36,509791;-36,183341;-38,421588;-28,525955;-29,047238;-30,520719;-33,366677;-37,446697;-34,102655;-35,929878;-35,518149;-36,501542;-37,340022;-37,260835;-34,667418;-33,965470;-33,652734;-32,344535;-0,053679;-33,322473
44432,101563;-0,057718;-36,086047;-35,966051;-38,486434;-29,429199;-30,064063;-31,944012;-33,389899;-37,222204;-33,810122;-36,494055;-36,136172;-37,014324;-38,143132;-38,042920;-34,997750;-35,191262;-34,804349;-33,209024;-0,053749;-34,034469
44774,398438;-0,057640;-35,849306;-35,843114;-38,592296;-30,472701;-31,228773;-33,284986;-33,763313;-36,912738;-33,570558;-36,928336;-36,637950;-37,294929;-38,875629;-38,605233;-35,594700;-36,332211;-35,862026;-33,960962;-0,053723;-34,627832
45119,398438;-0,057805;-35,760725;-35,806698;-38,670276;-31,614039;-32,549235;-34,647696;-34,415972;-36,977201;-33,619087;-37,301484;-37,076385;-37,411229;-39,593354;-39,049051;-36,191461;-37,221006;-36,671279;-34,541133;-0,053671;-35,025433
45467,101563;-0,057596;-35,753105;-35,820430;-38,643338;-32,877264;-33,998225;-36,072607;-35,217866;-37,774615;-34,168095;-37,751453;-37,580432;-37,501768;-40,339307;-39,582255;-36,561144;-37,860552;-37,287235;-34,899135;-0,053539;-35,164241
45817,398438;-0,057613;-35,779299;-35,847797;-38,503745;-34,305657;-35,543746;-37,169186;-36,025979;-39,292206;-35,161254;-38,277789;-38,151763;-37,579774;-41,140909;-40,305710;-36,630227;-38,367942;-37,832083;-35,014076;-0,053496;-35,036119
46170,398438;-0,057534;-35,812917;-35,873361;-38,316914;-35,869203;-37,221952;-37,253551;-36,683840;-41,160216;-36,215867;-38,773967;-38,687809;-37,631465;-41,983616;-41,153994;-36,504330;-38,830796;-38,346805;-34,912906;-0,053364;-34,722499
46526,101563;-0,057360;-35,838539;-35,888876;-38,154151;-37,425296;-38,993178;-36,610097;-37,020671;-42,812802;-36,865747;-39,210686;-39,160783;-37,770314;-42,816850;-42,015292;-36,420806;-39,262554;-38,814868;-34,710208;-0,053303;-34,414602
46884,601563;-0,057464;-35,847474;-35,889579;-38,041602;-38,839759;-40,580322;-36,034779;-36,987389;-43,942830;-36,941702;-39,678647;-39,660252;-38,146991;-43,598429;-42,823219;-36,601929;-39,654407;-39,222591;-34,599660;-0,053461;-34,308273
47245,898438;-0,057499;-35,837141;-35,872497;-37,968357;-40,141643;-41,745232;-35,824940;-36,689238;-44,310422;-36,612508;-40,269331;-40,279012;-38,802221;-44,330718;-43,581069;-37,121664;-40,022804;-39,595758;-34,708318;-0,053225;-34,469891
47609,800781;-0,057631;-35,808574;-35,838486;-37,915244;-41,371453;-42,421261;-35,937982;-36,266409;-44,065738;-36,106883;-40,991369;-41,028455;-39,670364;-45,044976;-44,332163;-37,915039;-40,401433;-39,979093;-35,028961;-0,053382;-34,849165
47976,699219;-0,057491;-35,764458;-35,788547;-37,864627;-42,385420;-42,873580;-36,257429;-35,811094;-43,488544;-35,563686;-41,800817;-41,866426;-40,660270;-45,764766;-45,103974;-38,871585;-40,746846;-40,400187;-35,491591;-0,053234;-35,361591
48346,300781;-0,057254;-35,705612;-35,724228;-37,799120;-43,236876;-43,190538;-36,692383;-35,375656;-42,792941;-35,040142;-42,649413;-42,747845;-41,703473;-46,496205;-45,900012;-39,902314;-41,192799;-40,796247;-36,032412;-0,053007;-35,940159
48718,800781;-0,057263;-35,632074;-35,646111;-37,702378;-43,879509;-43,475458;-37,187828;-34,994089;-42,091406;-34,557920;-43,507683;-43,643499;-42,760988;-47,237806;-46,715362;-40,955391;-41,667164;-41,288958;-36,609921;-0,052928;-36,545548
49094,199219;-0,057333;-35,542551;-35,552903;-37,562437;-44,381261;-43,778143;-37,712986;-34,698122;-41,432482;-34,122103;-44,359353;-44,537471;-43,813507;-47,985311;-47,542649;-42,002507;-42,162652;-41,803682;-37,201097;-0,052901;-37,158471
49472,500000;-0,057709;-35,434560;-35,444734;-37,385736;-44,816498;-44,115106;-38,252607;-34,523036;-40,832278;-33,735736;-45,197928;-45,424681;-44,851684;-48,736978;-48,379723;-43,031870;-42,675069;-42,335803;-37,797098;-0,053181;-37,769978
49853,601563;-0,057473;-35,305909;-35,320189;-37,204495;-45,229399;-44,489029;-38,797985;-34,486726;-40,289764;-33,394972;-46,023206;-46,302554;-45,864142;-49,493920;-49,223827;-44,034199;-43,201469;-42,880827;-38,390212;-0,052840;-38,375142
50237,800781;-0,057517;-35,158369;-35,178589;-37,054081;-45,649020;-44,900243;-39,345450;-34,554765;-39,795952;-33,092015;-46,838474;-47,170755;-46,832025;-50,260430;-50,072507;-44,995805;-43,741827;-43,439492;-38,980734;-0,053015;-38,973708
50624,800781;-0,057622;-34,994772;-35,023376;-36,948119;-46,089684;-45,347365;-39,892185;-34,632935;-39,336191;-32,810614;-47,647226;-48,020231;-47,704249;-51,039051;-50,915912;-45,883034;-44,296864;-44,012348;-39,565053;-0,052989;-39,565053
51014,898438;-0,057770;-34,817301;-34,854254;-36,877077;-46,560483;-45,829135;-40,431660;-34,636260;-38,900924;-32,535285;-48,453427;-48,825661;-48,372067;-51,841650;-51,725357;-46,617514;-44,867536;-44,603108;-40,138685;-0,053068;-40,144239
51407,898438;-0,057631;-34,626242;-34,672355;-36,821719;-47,067378;-46,348507;-40,880322;-34,543959;-38,486288;-32,259326;-49,258561;-49,528452;-48,665101;-52,681260;-52,432769;-47,057742;-45,454349;-45,215723;-40,685752;-0,053207;-40,629958
51804,000000;-0,057561;-34,421683;-34,479730;-36,752536;-47,615608;-46,918087;-41,332015;-34,386839;-38,092219;-31,983957;-50,061463;-50,028055;-48,465780;-53,580757;-52,929446;-47,066829;-46,059356;-45,858514;-41,105275;-0,052919;-41,118414
52203,101563;-0,057631;-34,207998;-34,285254;-36,635297;-48,209743;-47,550849;-41,672142;-34,209692;-37,718528;-31,711631;-50,853961;-50,248833;-47,966947;-54,573253;-53,126630;-46,741143;-46,683935;-46,544378;-41,479338;-0,052945;-41,494562
52605,398438;-0,057604;-34,002318;-34,103888;-36,461167;-48,845719;-48,261236;-41,903223;-34,042996;-37,368012;-31,445313;-51,631587;-50,329138;-47,666626;-55,654375;-53,171784;-46,503365;-47,330227;-47,277607;-41,742917;-0,052866;-41,758207
53010,699219;-0,057534;-33,843663;-33,963519;-36,278625;-49,512207;-49,025703;-42,145022;-33,887127;-37,044248;-31,186697;-52,418569;-50,628033;-47,896163;-56,724254;-53,447877;-46,696826;-48,009609;-48,044648;-42,012663;-0,052806;-42,025935
53419,101563;-0,057648;-33,814851;-33,928088;-36,136283;-50,216980;-49,812320;-42,513414;-33,716881;-36,747816;-30,934795;-53,267724;-51,371728;-48,584729;-57,617589;-54,194276;-47,293000;-48,740660;-48,832766;-42,404015;-0,052893;-42,414985
53830,699219;-0,057622;-34,051969;-34,123780;-36,034779;-50,989352;-50,619680;-43,006159;-33,525143;-36,470593;-30,687525;-54,202204;-52,550193;-49,523173;-58,223321;-55,359249;-48,110624;-49,543163;-49,652518;-42,917804;-0,052823;-42,926206
54245,500000;-0,057569;-34,669439;-34,669957;-35,957320;-51,868617;-51,490066;-43,573844;-33,323199;-36,206826;-30,443544;-55,168772;-54,021891;-50,576132;-58,521749;-56,709433;-49,020794;-50,442301;-50,539141;-43,506370;-0,052718;-43,512940
54663,398438;-0,057604;-35,591091;-35,516696;-35,889796;-52,906155;-52,485704;-44,184139;-33,123678;-35,953831;-30,202096;-55,990815;-55,421117;-51,698495;-58,579306;-57,783628;-49,973555;-51,477977;-51,546923;-44,139161;-0,052447;-44,143975
55084,601563;-0,057596;-36,578934;-36,451637;-35,826068;-54,154391;-53,684496;-44,826590;-32,931832;-35,711760;-29,963457;-56,510256;-56,301972;-52,901627;-58,503232;-58,206348;-50,966113;-52,701254;-52,746770;-44,807383;-0,052473;-44,810027
55509,000000;-0,057701;-37,456932;-37,307152;-35,763498;-55,632546;-55,110598;-45,499811;-32,749370;-35,481982;-29,726887;-56,853283;-56,753851;-54,200688;-58,533846;-58,322855;-52,001094;-54,134428;-54,166053;-45,509207;-0,052700;-45,510026
55936,699219;-0,057814;-38,089569;-37,938094;-35,700052;-57,189462;-56,617213;-46,199553;-32,574061;-35,262204;-29,490785;-57,332672;-57,247601;-55,562382;-58,946891;-58,703580;-53,060898;-55,672089;-55,686826;-46,238601;-0,052692;-46,237176
56367,601563;-0,057753;-38,371037;-38,227145;-35,634543;-58,523727;-57,901999;-46,918338;-32,402907;-35,048243;-29,253871;-58,091592;-58,011567;-56,927727;-59,780101;-59,495932;-54,115704;-57,087496;-57,059218;-46,987828;-0,052639;-46,984702
56802,000000;-0,057657;-38,354276;-38,218438;-35,567178;-59,358671;-58,702308;-47,659489;-32,235844;-34,837891;-29,015127;-59,081186;-59,007500;-58,277931;-60,877775;-60,550232;-55,163146;-58,176372;-58,058743;-47,759292;-0,052823;-47,754392
57239,601563;-0,057875;-38,173134;-38,043474;-35,496814;-59,531576;-58,881659;-48,429141;-32,072526;-34,630781;-28,774036;-60,206422;-60,127114;-59,628070;-62,063030;-61,662303;-56,220137;-58,755959;-58,506523;-48,561027;-0,052884;-48,554071
57680,601563;-0,057735;-37,928304;-37,804651;-35,424450;-59,032330;-58,432531;-49,238509;-31,913385;-34,427488;-28,530013;-61,376439;-61,262691;-60,976835;-63,155394;-62,621906;-57,313843;-58,687509;-58,308832;-49,403773;-0,052779;-49,394674
58125,101563;-0,057867;-37,672761;-37,552536;-35,349938;-58,032941;-57,509067;-50,095443;-31,758285;-34,228845;-28,282758;-62,490984;-62,277611;-62,271291;-63,950163;-63,217846;-58,454314;-57,998658;-57,541011;-50,294688;-0,052858;-50,283358
58572,898438;-0,058006;-37,427427;-37,309446;-35,273135;-56,780491;-56,330503;-51,008334;-31,606601;-34,035693;-28,031478;-63,408728;-63,007374;-63,373164;-64,268265;-63,310606;-59,653907;-56,899781;-56,423510;-51,238841;-0,052963;-51,225704
59024,199219;-0,057980;-37,199083;-37,081845;-35,194209;-55,477544;-55,074855;-51,983268;-31,457681;-33,848924;-27,774777;-63,954119;-63,283285;-64,075801;-64,058862;-62,911887;-60,907471;-55,638011;-55,174799;-52,233180;-0,053102;-52,216643
59479,000000;-0,057928;-36,988616;-36,870955;-35,113171;-54,254403;-53,873816;-53,020670;-31,309835;-33,669523;-27,513182;-64,010253;-63,067556;-64,209838;-63,447937;-62,184864;-62,191144;-54,404700;-53,949312;-53,262364;-0,052936;-53,241755
59937,199219;-0,057779;-36,795313;-36,676254;-35,030334;-53,208665;-52,816424;-54,107105;-31,162768;-33,494860;-27,248184;-63,629518;-62,501033;-63,853292;-62,653420;-61,331682;-63,461215;-53,323803;-52,853578;-54,291554;-0,052797;-54,263418
60399,101563;-0,057840;-36,616861;-36,496086;-34,945900;-52,378313;-51,948754;-55,194458;-31,015308;-33,317482;-26,981888;-62,977207;-61,783298;-63,248383;-61,828520;-60,498260;-64,656749;-52,448521;-51,938516;-55,269658;-0,052744;-55,228440
60864,398438;-0,058085;-36,450367;-36,327430;-34,860357;-51,686147;-51,225958;-56,209183;-30,869491;-33,133955;-26,711674;-62,180553;-61,018634;-62,505471;-61,012463;-59,711689;-65,666164;-51,713973;-51,168076;-56,156069;-0,052989;-56,100837
61333,398438;-0,058199;-36,293124;-36,168800;-34,773172;-50,984029;-50,535459;-57,130773;-30,726201;-32,947553;-26,431472;-61,293846;-60,200188;-61,575169;-60,160919;-58,929749;-66,202285;-50,981230;-50,442359;-56,949341;-0,052814;-56,879260
61805,898438;-0,058138;-36,143802;-36,018177;-34,683228;-50,194677;-49,794356;-58,010255;-30,584942;-32,761177;-26,138693;-60,342252;-59,315695;-60,493450;-59,260001;-58,112674;-65,998635;-50,169769;-49,681252;-57,641191;-0,052928;-57,550178
62282,101563;-0,058277;-36,001936;-35,874820;-34,588659;-49,325194;-48,979373;-58,723204;-30,443920;-32,575908;-25,834013;-59,345128;-58,375719;-59,393755;-58,328300;-57,258491;-65,180611;-49,280681;-48,851733;-58,048954;-0,052954;-57,930699
62762,000000;-0,058243;-35,864669;-35,737351;-34,489581;-48,415009;-48,116770;-58,956359;-30,302449;-32,390999;-25,517679;-58,335754;-57,417486;-58,341781;-57,394290;-56,388938;-64,073580;-48,351255;-47,975406;-57,915791;-0,053155;-57,771053
63245,601563;-0,058312;-35,732992;-35,603858;-34,386248;-47,498404;-47,239125;-58,537883;-30,160167;-32,205518;-25,189178;-57,343732;-56,472734;-57,346675;-56,475049;-55,527901;-62,886056;-47,414887;-47,085367;-57,216907;-0,053137;-57,052844
63732,800781;-0,058277;-35,605062;-35,474293;-34,278239;-46,588200;-46,364108;-57,602417;-30,016600;-32,018992;-24,847586;-56,381090;-55,553164;-56,402590;-55,577299;-54,682662;-61,721520;-46,486779;-46,199394;-56,154451;-0,052928;-55,977248
64223,898438;-0,058418;-35,480899;-35,348513;-34,164989;-45,685548;-45,496375;-56,408849;-29,928898;-31,830927;-24,492073;-55,447201;-54,659430;-55,499659;-54,695198;-53,853674;-60,613564;-45,568156;-45,321585;-54,944298;-0,053041;-54,758195
64718,800781;-0,058260;-35,359503;-35,225482;-34,047021;-44,786018;-44,630998;-55,150762;-29,783177;-31,640707;-24,120967;-54,536547;-53,787281;-54,624931;-53,825938;-53,034994;-59,571335;-44,653750;-44,447854;-53,717977;-0,053068;-53,524236
65217,398438;-0,058321;-35,239932;-35,104416;-33,923125;-43,881437;-43,761854;-53,922435;-29,636436;-31,448396;-23,732344;-53,641616;-52,928330;-53,771535;-52,956968;-52,218948;-58,588974;-43,735895;-43,571131;-52,533593;-0,052954;-52,330299
65719,898438;-0,058400;-35,122380;-34,984771;-33,793655;-42,965357;-42,882121;-52,759327;-29,488842;-31,253140;-23,324146;-52,753291;-52,073920;-52,928792;-52,083237;-51,398305;-57,659018;-42,806056;-42,684091;-51,408765;-0,052727;-51,195078
66226,296875;-0,058531;-35,006936;-34,866848;-33,659178;-42,030543;-41,984761;-51,668954;-29,340430;-31,055909;-22,894767;-51,862659;-51,217643;-52,090292;-51,196149;-50,565689;-56,776115;-41,858139;-41,780355;-50,346500;-0,052840;-50,119832
66736,500000;-0,058557;-34,891896;-34,749459;-33,522464;-41,075024;-41,066799;-50,648400;-29,192209;-30,856477;-22,442453;-50,967556;-50,355309;-51,255805;-50,289915;-49,716725;-55,931998;-40,890046;-40,856525;-49,341780;-0,052980;-49,100492
67250,703125;-0,058566;-34,777265;-34,632419;-33,388316;-40,106628;-40,133145;-49,693759;-29,045540;-30,656277;-21,965332;-50,069710;-49,489827;-50,433086;-49,369374;-48,852214;-55,123916;-39,909102;-39,917099;-48,391446;-0,052884;-48,132351
67768,796875;-0,058531;-34,661403;-34,515272;-33,269565;-39,154477;-39,204978;-48,801820;-28,903121;-30,458820;-21,462917;-49,188105;-48,638760;-49,653416;-48,453290;-47,985724;-54,361252;-38,945044;-38,983979;-47,497271;-0,052823;-47,217365
68291,000000;-0,058898;-34,542986;-34,398180;-33,189135;-38,289408;-38,339628;-47,979563;-28,771627;-30,270455;-20,936282;-48,371726;-47,849527;-48,990052;-47,593155;-47,159994;-53,674595;-38,068473;-38,114701;-46,671119;-0,053330;-46,368302
68817,203125;-0,058907;-34,418530;-34,279768;-33,186518;-37,649868;-37,655901;-47,239885;-28,662651;-30,105418;-20,390579;-47,723185;-47,222032;-48,586667;-46,897577;-46,466165;-53,121513;-37,418518;-37,430011;-45,937768;-0,052919;-45,611485
69347,398438;-0,058898;-34,286919;-34,161041;-33,319857;-37,434924;-37,347635;-46,598257;-28,601782;-29,990989;-19,839671;-47,406691;-46,921305;-48,672547;-46,543049;-46,068871;-52,790669;-37,195372;-37,125967;-45,326010;-0,052910;-44,980195
69881,703125;-0,059030;-34,154125;-34,046059;-33,628300;-37,815113;-37,622476;-46,035901;-28,635496;-29,975609;-19,309035;-47,584561;-47,115464;-49,468692;-46,713593;-46,170449;-52,723062;-37,571889;-37,411552;-44,823048;-0,053146;-44,466427
70420,101563;-0,058898;-34,035605;-33,944985;-34,054904;-38,809035;-38,551987;-45,471080;-28,832477;-30,130560;-18,832163;-48,261731;-47,808368;-50,944161;-47,458728;-46,862806;-52,780752;-38,571713;-38,364847;-44,324186;-0,053111;-43,965548
70962,703125;-0,059099;-33,955114;-33,874031;-34,431833;-40,278420;-40,007760;-44,811116;-29,242737;-30,513460;-18,416737;-49,188931;-48,733963;-52,652732;-48,607256;-47,984179;-52,684102;-40,069049;-39,870936;-43,697467;-0,053216;-43,332620
71509,500000;-0,059257;-33,934739;-33,851919;-34,627317;-42,036196;-41,763334;-44,037143;-29,807054;-31,068014;-18,003074;-50,026182;-49,533787;-53,968029;-49,866301;-49,210574;-52,274659;-41,904305;-41,735330;-42,909337;-0,053356;-42,524628
72060,500000;-0,059292;-33,980963;-33,889017;-34,645023;-43,934532;-43,610753;-43,192207;-30,363812;-31,614437;-17,513112;-50,670804;-50,109451;-54,478948;-51,063946;-50,338472;-51,600918;-43,983556;-43,811324;-42,016475;-0,053391;-41,601825
72615,601563;-0,059379;-34,049692;-33,954724;-34,554950;-45,879580;-45,382320;-42,329860;-30,822773;-32,039393;-16,947202;-51,331741;-50,693950;-54,199130;-52,338492;-51,494371;-50,791937;-46,317641;-46,025987;-41,095071;-0,053128;-40,650023
73175,203125;-0,059563;-34,073981;-33,986917;-34,415699;-47,804357;-46,928245;-41,501715;-31,242390;-32,396644;-16,355931;-52,165494;-51,455570;-53,493546;-54,002665;-52,939226;-49,988273;-49,022757;-48,322134;-40,209723;-0,053312;-39,742666
73738,898438;-0,059423;-34,030624;-33,952991;-34,260054;-49,592688;-48,094773;-40,795799;-31,765889;-32,846982;-15,807877;-53,006409;-52,215969;-52,776818;-56,222274;-54,666243;-49,345600;-52,132147;-50,381961;-39,456924;-0,053243;-38,982742
74307,101563;-0,059467;-33,940358;-33,867683;-34,103360;-51,006854;-48,806295;-40,389534;-32,527381;-33,581130;-15,437385;-53,654784;-52,783362;-52,347306;-58,837935;-56,299872;-49,069986;-54,083118;-51,085831;-39,032951;-0,053338;-38,583143
74879,601563;-0,059756;-33,828157;-33,756157;-33,951087;-51,738332;-49,206988;-40,521425;-33,348201;-34,545582;-15,411841;-54,244189;-53,322554;-52,429244;-60,692711;-57,241024;-49,428684;-51,848138;-49,628327;-39,202442;-0,053347;-38,825863
75456,500000;-0,059878;-33,708121;-33,635268;-33,804630;-51,679445;-49,495812;-41,337455;-32,710519;-34,166098;-15,791757;-55,070324;-54,129832;-53,083941;-60,097707;-57,150834;-50,626556;-48,600449;-47,423152;-40,127308;-0,053400;-39,888669
76037,898438;-0,059930;-33,586981;-33,511840;-33,663531;-51,056219;-49,626721;-42,735054;-29,235767;-30,541947;-16,419598;-56,164778;-55,217466;-54,064854;-58,330019;-56,404255;-52,712583;-46,288927;-45,614485;-41,775430;-0,053487;-41,809971
76623,796875;-0,060053;-33,466034;-33,389128;-33,526379;-50,174700;-49,434190;-44,431577;-24,985961;-26,463696;-16,953010;-57,240329;-56,281511;-54,927328;-56,825756;-55,537249;-55,734108;-44,861028;-44,401941;-44,085291;-0,053583;-44,736699
77214,101563;-0,060097;-33,346101;-33,267524;-33,392414;-49,225259;-48,914482;-46,129612;-21,270841;-22,391194;-17,057670;-57,942617;-56,968191;-55,344600;-55,876602;-54,881338;-59,750258;-44,163409;-43,791667;-47,225982;-0,053775;-49,326135
77809,101563;-0,060062;-33,226170;-33,146652;-33,261244;-48,296495;-48,200361;-47,592073;-18,236002;-19,303342;-16,668319;-58,111766;-57,124408;-55,287209;-55,511877;-54,607640;-62,504115;-44,137903;-43,788670;-51,776701;-0,053907;-57,915722
78408,500000;-0,060044;-33,106064;-33,025999;-33,131946;-47,419682;-47,421886;-48,648652;-15,861702;-16,817563;-16,054168;-57,830390;-56,842768;-54,907153;-55,613969;-54,673531;-60,369471;-44,604333;-44,236123;-57,630275;-0,053828;-63,497569
79012,703125;-0,060438;-32,986242;-32,906117;-33,003808;-46,592949;-46,640561;-49,224204;-14,131335;-14,895998;-15,626402;-57,271297;-56,298454;-54,358303;-55,844136;-54,800911;-57,821802;-45,187694;-44,774301;-56,496957;-0,053819;-54,979945
79621,398438;-0,060342;-32,866330;-32,785747;-32,875390;-45,799058;-45,869758;-49,353118;-12,995234;-13,518839;-15,744000;-56,554014;-55,608519;-53,728687;-55,840208;-54,704115;-56,190116;-45,549987;-45,089854;-52,861632;-0,053959;-51,810840
80235,000000;-0,060613;-32,747373;-32,666760;-32,746544;-45,024831;-45,110776;-49,141376;-12,352382;-12,639099;-16,610215;-55,753744;-54,843118;-53,063711;-55,476099;-54,314093;-55,126394;-45,581606;-45,108774;-50,738273;-0,054046;-50,168676
80853,101563;-0,060315;-32,630431;-32,549382;-32,616574;-44,265894;-44,366214;-48,710277;-12,112683;-12,190165;-18,213275;-54,924278;-54,053414;-52,386479;-54,839377;-53,722866;-54,341941;-45,316313;-44,877034;-49,443511;-0,053968;-49,134835
81476,101563;-0,060412;-32,522129;-32,438550;-32,488703;-43,515687;-43,634189;-48,157931;-12,218380;-12,134183;-20,362813;-54,099088;-53,266563;-51,709758;-54,062399;-53,025143;-53,692476;-44,804030;-44,426703;-48,539480;-0,053801;-48,374641
82103,796875;-0,060254;-32,433387;-32,343635;-32,370190;-42,767078;-42,910150;-47,549171;-12,641742;-12,432406;-22,788928;-53,299834;-52,499574;-51,049118;-53,236450;-52,281086;-53,119232;-44,109807;-43,798200;-47,823833;-0,053828;-47,746568
82736,500000;-0,060534;-32,384021;-32,280550;-32,279621;-42,012488;-42,187534;-46,921189;-13,354059;-13,039124;-25,225625;-52,547540;-51,766529;-50,434992;-52,415776;-51,530986;-52,626825;-43,304099;-43,051941;-47,206068;-0,053950;-47,188086
83373,898438;-0,060787;-32,386660;-32,261892;-32,253236;-41,244057;-41,457142;-46,294196;-14,305116;-13,885408;-27,456761;-51,850958;-51,076001;-49,936530;-51,627247;-50,798168;-52,283872;-42,436334;-42,237433;-46,643565;-0,054213;-46,670932
84016,296875;-0,061129;-32,416574;-32,272162;-32,335006;-40,455307;-40,712827;-45,679582;-15,430453;-14,892910;-29,351130;-51,183959;-50,415492;-49,656003;-50,853415;-50,077521;-52,208316;-41,533150;-41,382109;-46,116358;-0,054685;-46,181184
84663,601563;-0,061067;-32,416792;-32,264672;-32,510643;-39,643646;-39,949249;-45,085267;-16,666307;-15,990487;-30,881795;-50,487680;-49,747353;-49,617963;-50,042369;-49,339209;-52,450342;-40,606809;-40,497966;-45,615745;-0,054492;-45,713036
85316,000000;-0,061199;-32,361858;-32,211504;-32,666424;-38,819870;-39,174752;-44,529039;-17,959082;-17,128214;-32,121935;-49,739166;-49,045269;-49,628563;-49,172035;-48,555025;-52,797034;-39,674045;-39,600320;-45,144602;-0,054536;-45,268915
85973,296875;-0,061645;-32,263709;-32,117588;-32,712470;-38,018340;-38,416086;-44,041167;-19,252187;-18,260708;-33,194331;-48,976614;-48,322564;-49,463629;-48,272688;-47,733970;-52,943735;-38,773212;-38,717132;-44,708229;-0,054912;-44,849271
86635,703125;-0,061452;-32,138188;-31,995183;-32,662729;-37,321370;-37,734305;-43,678954;-20,508965;-19,373124;-34,234881;-48,289049;-47,651668;-49,152779;-47,428216;-46,931581;-52,830300;-37,994589;-37,911692;-44,307355;-0,054711;-44,442535
87303,203125;-0,061627;-31,992867;-31,852828;-32,565827;-36,894677;-37,265399;-43,547304;-21,659527;-20,434554;-35,393219;-47,835365;-47,181650;-48,923601;-46,794210;-46,271798;-52,588295;-37,520878;-37,322263;-43,941681;-0,054658;-44,026766
87975,898438;-0,061584;-31,827163;-31,689215;-32,453875;-36,961760;-37,233188;-43,761975;-22,658137;-21,425253;-36,823888;-47,844339;-47,145251;-49,056054;-46,613067;-45,964152;-52,351122;-37,611055;-37,179789;-43,604569;-0,054877;-43,572533
88653,703125;-0,061750;-31,644788;-31,505078;-32,340506;-37,677413;-37,860688;-44,306057;-23,562919;-22,356570;-38,532379;-48,521228;-47,775351;-49,760809;-47,116903;-46,266578;-52,175933;-38,450825;-37,725610;-43,275113;-0,054877;-43,072293
89336,796875;-0,061811;-31,455473;-31,307217;-32,230089;-38,968075;-39,149356;-44,885078;-24,518775;-23,284300;-40,086313;-49,863948;-49,106388;-50,980184;-48,336863;-47,315534;-52,021003;-39,970172;-39,014864;-42,918010;-0,054912;-42,560349
90025,000000;-0,061864;-31,267049;-31,106958;-32,125794;-40,541251;-40,787008;-45,095209;-25,585588;-24,254064;-41,009741;-51,594547;-50,879454;-52,322831;-50,069460;-48,988927;-51,801912;-41,912809;-40,849167;-42,516756;-0,055235;-42,073202
90718,703125;-0,061986;-31,082719;-30,912739;-32,027383;-42,051649;-42,309054;-44,749444;-26,694780;-25,265522;-41,487231;-53,286751;-52,674717;-53,312172;-52,054551;-51,010093;-51,493229;-44,023894;-42,940183;-42,085772;-0,054999;-41,618847
91417,601563;-0,062170;-30,896401;-30,724976;-31,934603;-43,316166;-43,309335;-43,908448;-27,726440;-26,300832;-41,557870;-54,531594;-54,061916;-53,727084;-54,080262;-53,106183;-51,126856;-46,097549;-45,019070;-41,644209;-0,055165;-41,189282
92122,101563;-0,062135;-30,697282;-30,538468;-31,843823;-44,474012;-43,670534;-42,766230;-28,540687;-27,341849;-41,079055;-55,129269;-54,752972;-53,666464;-55,966105;-55,020879;-50,736181;-47,917553;-46,821389;-41,196266;-0,055104;-40,772261
92831,796875;-0,062467;-30,480449;-30,350504;-31,749815;-45,879050;-43,621909;-41,587079;-28,988487;-28,370200;-39,920197;-55,189714;-54,768748;-53,342065;-57,537543;-56,489473;-50,337844;-49,225209;-48,079588;-40,737689;-0,055366;-40,358747
93547,101563;-0,062511;-30,257034;-30,164224;-31,651230;-47,773650;-43,509960;-40,567202;-28,963708;-29,355898;-38,352767;-54,928588;-54,376832;-52,906961;-58,659476;-57,308044;-49,937293;-49,836034;-48,632093;-40,259955;-0,055497;-39,940964
94267,796875;-0,062747;-30,118022;-30,053914;-31,550075;-49,897624;-43,598889;-39,749160;-28,461914;-30,233951;-36,665597;-54,480144;-53,841227;-52,439714;-59,234751;-57,447927;-49,537172;-49,787250;-48,543149;-39,760814;-0,055567;-39,514475
94994,203125;-0,062721;-30,018085;-29,961898;-31,449532;-51,014815;-44,012210;-39,082905;-27,582274;-30,889186;-35,005713;-53,955417;-53,309438;-51,974195;-59,267023;-57,084577;-49,140978;-49,301439;-48,047588;-39,247247;-0,055296;-39,075171
95726,000000;-0,062616;-30,136111;-30,065335;-31,350652;-50,279158;-44,685631;-38,512376;-26,465287;-31,170151;-33,421771;-53,523041;-52,844123;-51,532100;-58,982510;-56,474180;-48,760737;-48,616386;-47,392175;-38,734084;-0,055523;-38,620336
96463,601563;-0,062861;-30,612250;-30,509410;-31,253584;-48,854092;-45,399285;-37,995830;-25,226529;-30,965100;-31,919858;-53,351029;-52,499757;-51,134521;-58,681314;-55,845320;-48,408261;-47,885541;-46,731768;-38,225162;-0,055401;-38,146219
97206,796875;-0,062992;-31,402469;-31,267653;-31,158373;-47,600071;-45,920595;-37,495646;-23,939506;-30,279300;-30,491313;-53,421527;-52,307019;-50,770600;-58,485777;-55,370048;-48,066783;-47,183179;-46,112390;-37,709315;-0,055532;-37,645031
97955,796875;-0,063027;-32,151830;-32,010541;-31,064629;-46,614481;-46,109019;-36,978122;-22,633743;-29,218704;-29,121072;-53,448735;-52,145076;-50,380153;-58,258007;-55,026854;-47,685438;-46,526443;-45,506390;-37,167305;-0,055724;-37,104719
98710,500000;-0,063228;-32,546141;-32,420711;-30,972040;-45,811141;-45,968450;-36,425697;-21,323090;-27,911332;-27,835964;-53,194926;-51,820928;-49,937157;-57,851323;-54,627972;-47,235968;-45,910521;-44,904871;-36,588664;-0,055952;-36,520607
99471,101563;-0,063219;-32,597958;-32,489471;-30,881947;-45,118210;-45,606696;-35,840745;-20,026550;-26,467664;-26,530016;-52,686797;-51,314436;-49,465824;-57,284248;-54,110675;-46,735804;-45,331464;-44,322114;-35,978779;-0,055987;-35,901817
100237,000000;-0,063403;-32,462405;-32,363769;-30,796331;-44,499331;-45,134682;-35,252594;-18,774872;-24,966290;-25,251487;-52,072142;-50,731458;-49,005201;-56,651290;-53,538961;-46,222122;-44,785958;-43,770725;-35,367194;-0,056162;-35,281052
101010,000000;-0,063771;-32,254660;-32,160385;-30,717068;-43,932442;-44,617995;-34,737604;-17,614156;-23,457373;-24,004328;-51,494012;-50,193019;-48,610041;-56,017792;-52,984266;-45,758477;-44,264744;-43,257895;-34,831086;-0,056538;-34,739689
101788,000000;-0,064077;-32,029603;-31,937487;-30,645560;-43,404883;-44,077509;-34,455749;-16,609450;-21,975335;-22,800755;-51,102997;-49,837921;-48,372545;-55,408308;-52,510202;-45,466173;-43,748912;-42,790700;-34,529974;-0,056546;-34,443050
102572,000000;-0,064287;-31,809047;-31,718358;-30,581035;-42,911572;-43,505420;-34,647555;-15,839239;-20,555221;-21,661430;-51,066150;-49,827467;-48,412767;-54,824621;-52,172898;-45,543490;-43,216953;-42,375344;-34,704777;-0,056546;-34,636494
103363,000000;-0,064287;-31,599135;-31,510731;-30,516316;-42,449337;-42,900175;-35,499297;-15,363984;-19,241197;-20,604732;-51,451966;-50,226532;-48,763357;-54,258618;-51,979644;-46,180175;-42,662986;-42,002463;-35,541303;-0,056590;-35,500693
104159,000000;-0,064261;-31,400725;-31,315490;-30,439267;-42,006982;-42,293760;-36,944574;-15,194108;-18,089151;-19,631316;-52,063465;-50,840365;-49,241856;-53,711194;-51,835303;-47,353487;-42,113213;-41,638365;-36,974258;-0,056739;-36,957659
104962,000000;-0,064664;-31,212746;-31,130297;-30,347358;-41,570921;-41,724539;-38,691020;-15,292765;-17,171381;-18,748360;-52,546436;-51,324028;-49,579096;-53,182198;-51,623007;-48,763714;-41,593766;-41,253785;-38,715334;-0,056888;-38,711664
105770,000000;-0,064952;-31,033110;-30,952708;-30,245584;-41,130169;-41,198979;-40,402635;-15,599617;-16,559974;-18,003764;-52,695709;-51,481299;-49,660386;-52,669561;-51,307313;-50,030811;-41,104397;-40,842608;-40,436216;-0,057141;-40,436143
106585,000000;-0,064891;-30,859266;-30,780781;-30,140604;-40,679156;-40,700540;-41,808227;-16,048711;-16,287854;-17,466854;-52,532857;-51,333886;-49,525071;-52,166869;-50,911397;-50,898655;-40,629472;-40,409934;-41,871198;-0,057080;-41,869076
107406,000000;-0,065014;-30,689874;-30,613282;-30,035691;-40,214369;-40,213371;-42,727762;-16,581805;-16,327828;-17,188520;-52,166199;-50,986152;-49,251754;-51,665659;-50,466729;-51,305653;-40,156002;-39,960137;-42,837416;-0,057289;-42,831675
108234,000000;-0,065179;-30,522614;-30,448575;-29,987861;-39,735754;-39,727079;-43,117057;-17,154527;-16,608686;-17,176463;-51,688414;-50,527429;-48,900700;-51,163365;-49,994008;-51,334847;-39,675635;-39,495931;-43,279040;-0,057062;-43,267999
109068,000000;-0,065346;-30,356311;-30,285202;-29,885472;-39,248681;-39,239605;-43,072689;-17,738120;-17,047030;-17,396349;-51,161826;-50,015334;-48,513146;-50,661076;-49,505147;-51,121510;-39,190168;-39,022777;-43,277697;-0,057228;-43,261801
109908,000000;-0,065329;-30,189116;-30,121921;-29,783954;-38,774570;-38,763489;-42,758780;-18,314696;-17,573531;-17,791910;-50,627855;-49,492494;-48,125066;-50,174616;-49,018561;-50,787335;-38,719530;-38,556547;-42,993117;-0,057447;-42,972582
110755,000000;-0,065512;-30,020012;-29,957113;-29,683079;-38,372406;-38,340560;-42,337190;-18,872881;-18,137522;-18,304901;-50,137310;-49,017849;-47,788458;-49,751756;-48,577264;-50,427891;-38,324001;-38,140677;-42,587229;-0,057464;-42,561248
111608,000000;-0,065757;-29,848225;-29,789717;-29,582577;-38,180386;-38,073203;-41,952152;-19,399427;-18,696775;-18,881506;-49,774448;-48,697666;-47,604488;-49,506185;-48,277936;-50,133851;-38,146640;-37,879448;-42,202788;-0,057709;-42,169462
112468,000000;-0,066072;-29,674344;-29,619804;-29,482888;-38,436738;-38,151834;-41,733188;-19,864349;-19,194601;-19,455945;-49,674159;-48,688757;-47,733970;-49,630195;-48,284313;-50,000433;-38,431444;-37,964165;-41,962566;-0,057814;-41,918852
113335,000000;-0,065915;-29,498922;-29,448355;-29,383997;-39,336432;-38,781437;-41,718873;-20,200553;-19,542281;-19,915207;-49,935684;-49,072133;-48,287267;-50,253244;-48,740446;-50,063039;-39,368276;-38,605454;-41,896878;-0,057735;-41,847055
114208,000000;-0,066440;-29,326338;-29,278002;-29,288270;-40,684577;-39,922865;-41,753603;-20,324607;-19,647481;-20,088700;-50,415752;-49,630669;-49,084780;-51,154356;-49,534594;-50,196418;-40,737915;-39,770706;-41,863358;-0,057928;-41,819305
115088,000000;-0,066361;-29,174982;-29,119061;-29,197267;-41,881191;-41,115668;-41,633531;-20,263231;-19,530835;-19,892786;-50,766999;-49,979198;-49,694236;-51,843178;-50,240443;-50,196137;-41,928868;-40,994865;-41,687129;-0,058138;-41,654334
115975,000000;-0,066711;-29,100963;-29,009660;-29,114793;-42,472260;-41,834161;-41,332958;-20,215544;-19,396185;-19,547062;-50,841757;-50,001834;-49,876910;-52,103054;-50,556255;-50,007880;-42,501740;-41,741653;-41,355204;-0,058269;-41,328058
116868,000000;-0,066947;-29,207465;-29,033219;-29,045860;-42,485767;-41,967957;-40,937395;-20,315324;-19,414111;-19,366903;-50,819361;-49,891872;-49,719995;-52,133340;-50,593231;-49,699992;-42,502041;-41,893906;-40,946185;-0,058531;-40,919851
117769,000000;-0,067105;-29,567381;-29,288067;-28,994748;-42,172385;-41,723596;-40,518622;-20,532667;-19,576959;-19,425810;-50,919576;-49,902241;-49,383844;-52,204421;-50,638195;-49,336791;-42,183278;-41,659390;-40,522809;-0,058470;-40,494719
118676,000000;-0,067324;-30,026485;-29,723773;-28,956105;-41,728618;-41,310606;-40,108836;-20,798846;-19,811662;-19,634397;-51,097510;-50,097887;-48,975905;-52,327893;-50,812904;-48,953037;-41,738003;-41,251097;-40,111387;-0,058583;-40,080894
119591,000000;-0,067289;-30,299264;-30,072617;-28,910168;-41,255351;-40,848783;-39,711606;-21,071053;-20,065731;-19,903173;-51,113326;-50,249427;-48,564194;-52,302614;-50,933113;-48,577988;-41,264851;-40,792497;-39,713875;-0,058706;-39,681075
120512,000000;-0,067534;-30,323178;-30,174476;-28,839132;-40,795247;-40,393978;-39,320353;-21,330376;-20,312758;-20,180833;-50,898167;-50,157565;-48,188914;-52,068760;-50,822229;-48,231809;-40,803933;-40,339578;-39,322040;-0,058811;-39,287163
121440,000000;-0,067735;-30,205161;-30,094499;-28,743631;-40,357851;-39,960829;-38,930902;-21,569506;-20,541852;-20,444211;-50,559887;-49,872524;-47,854289;-51,726563;-50,530494;-47,914139;-40,365240;-39,908672;-38,931209;-0,059134;-38,894651
122376,000000;-0,068068;-30,036464;-29,936011;-28,634229;-39,940532;-39,548134;-38,542214;-21,786882;-20,749952;-20,683638;-50,197964;-49,510623;-47,546997;-51,369701;-50,170805;-47,614897;-39,946400;-39,498555;-38,540599;-0,059275;-38,502501
123319,000000;-0,068182;-29,857461;-29,755039;-28,518656;-39,541045;-39,155028;-38,159912;-21,982306;-20,935663;-20,894887;-49,843125;-49,137595;-47,256972;-51,023463;-49,804367;-47,327501;-39,545578;-39,107637;-38,156469;-0,059476;-38,117148
124269,000000;-0,068304;-29,678711;-29,573210;-28,401151;-39,160783;-38,790652;-37,806810;-22,150094;-21,093318;-21,069511;-49,487651;-48,775133;-46,978862;-50,670566;-49,447943;-47,057898;-39,166936;-38,742421;-37,804920;-0,059598;-37,763530
125227,000000;-0,068558;-29,503358;-29,396160;-28,283118;-38,802978;-38,471634;-37,530285;-22,276088;-21,209246;-21,192340;-49,150762;-48,446580;-46,713573;-50,315399;-49,115116;-46,826820;-38,817672;-38,414349;-37,537085;-0,059747;-37,491286
126192,000000;-0,068768;-29,333585;-29,225987;-28,163932;-38,460714;-38,194910;-37,376291;-22,342727;-21,268861;-21,248137;-48,858402;-48,172095;-46,462636;-49,966575;-48,811731;-46,658584;-38,490302;-38,118617;-37,398538;-0,060079;-37,345075
127164,000000;-0,069197;-29,169813;-29,062438;-28,042347;-38,105059;-37,908892;-37,331713;-22,351069;-21,275126;-21,245521;-48,602531;-47,931331;-46,216008;-49,613733;-48,510624;-46,547681;-38,147832;-37,810927;-37,368461;-0,060578;-37,304604
128144,000000;-0,069180;-29,011228;-28,903944;-27,915631;-37,705846;-37,548278;-37,327753;-22,335473;-21,261807;-21,222814;-48,345782;-47,677529;-45,957561;-49,239591;-48,169982;-46,461027;-37,753197;-37,439967;-37,370514;-0,060569;-37,296138
129131,000000;-0,069355;-28,857439;-28,750027;-27,785583;-37,274723;-37,103039;-37,317925;-22,329406;-21,259086;-21,209545;-48,075802;-47,393803;-45,687888;-48,853370;-47,783817;-46,377854;-37,316075;-37,000784;-37,356215;-0,060753;-37,272122
130126,000000;-0,069495;-28,707389;-28,599584;-27,656721;-36,876713;-36,626692;-37,299829;-22,336609;-21,268881;-21,204874;-47,820285;-47,109751;-45,435490;-48,507478;-47,388554;-46,301998;-36,905801;-36,541873;-37,324050;-0,060989;-37,231357
131128,000000;-0,069732;-28,559608;-28,451612;-27,543311;-36,651172;-36,230937;-37,288316;-22,347392;-21,280751;-21,196466;-47,649111;-46,898865;-45,273042;-48,313172;-47,066437;-46,251454;-36,665716;-36,167291;-37,292703;-0,060980;-37,192668
132139,000000;-0,070117;-28,410959;-28,304965;-27,475739;-36,807995;-36,097235;-37,295375;-22,352139;-21,285513;-21,175706;-47,681041;-46,878113;-45,317755;-48,452692;-46,956544;-46,252721;-36,809559;-36,050419;-37,280373;-0,060998;-37,174078
133157,000000;-0,069942;-28,254156;-28,154555;-27,484350;-37,446568;-36,427539;-37,318499;-22,345367;-21,278143;-21,138126;-48,008474;-47,133099;-45,634933;-49,038725;-47,218941;-46,314568;-37,442167;-36,390199;-37,291050;-0,061032;-37,178659
134183,000000;-0,070371;-28,085799;-27,993504;-27,536131;-38,215820;-37,155591;-37,333438;-22,323105;-21,256575;-21,080855;-48,497375;-47,535614;-46,034978;-49,802971;-47,801712;-46,379012;-38,219146;-37,121664;-37,302057;-0,061487;-37,179475
135217,000000;-0,070493;-27,908028;-27,820327;-27,543021;-38,573555;-37,753531;-37,302439;-22,282332;-21,218725;-21,002709;-48,807229;-47,775202;-46,198525;-50,232145;-48,279174;-46,354607;-38,593922;-37,722937;-37,269837;-0,061540;-37,133208
136259,000000;-0,070966;-27,725341;-27,639415;-27,477835;-38,439423;-37,854308;-37,206636;-22,223520;-21,164843;-20,903152;-48,797562;-47,731283;-46,075197;-50,188696;-48,355641;-46,226746;-38,474183;-37,829646;-37,172196;-0,062179;-37,021595
137308,000000;-0,071028;-27,537765;-27,453175;-27,365728;-38,047566;-37,584837;-37,047092;-22,146312;-21,094154;-20,782378;-48,570482;-47,498919;-45,800294;-49,872660;-48,131000;-46,032299;-38,090406;-37,565653;-37,010260;-0,062432;-36,846997
138366,000000;-0,071124;-27,347393;-27,263665;-27,231693;-37,577277;-37,166302;-36,833535;-22,051737;-21,007409;-20,640565;-48,247554;-47,186138;-45,476348;-49,465179;-47,782880;-45,803055;-37,624193;-37,150834;-36,794832;-0,062353;-36,620568
139432,000000;-0,071369;-27,161400;-27,076809;-27,086368;-37,101483;-36,713538;-36,578348;-21,939775;-20,904617;-20,478166;-47,896033;-46,850450;-45,142969;-49,048493;-47,407506;-45,553082;-37,150897;-36,699211;-36,537791;-0,062520;-36,354104
140507,000000;-0,071553;-27,001664;-26,909943;-26,932855;-36,640428;-36,264601;-36,292274;-21,810195;-20,785353;-20,294597;-47,551015;-46,521712;-44,810164;-48,654225;-47,043855;-45,287383;-36,691196;-36,250206;-36,251222;-0,062625;-36,058746
141589,000000;-0,071745;-26,917586;-26,805117;-26,772020;-36,196280;-35,829346;-35,986217;-21,663618;-20,650173;-20,089823;-47,245004;-46,225786;-44,476077;-48,301847;-46,714947;-45,007917;-36,248006;-35,813722;-35,944732;-0,062826;-35,744373
142680,000000;-0,072017;-26,971571;-26,825085;-26,606560;-35,766005;-35,407490;-35,665970;-21,499764;-20,498508;-19,863494;-47,007755;-45,991550;-44,137679;-48,011051;-46,442571;-44,716388;-35,818068;-35,389540;-35,624670;-0,062992;-35,416554
143779,000000;-0,072455;-27,131519;-26,969865;-26,444704;-35,339316;-34,992429;-35,332056;-21,318863;-20,331191;-19,615762;-46,825543;-45,814091;-43,800514;-47,771886;-46,223029;-44,420213;-35,391839;-34,971470;-35,291098;-0,063369;-35,075792
144887,000000;-0,072735;-27,222531;-27,087802;-26,307958;-34,897832;-34,567675;-34,981749;-21,120746;-20,147454;-19,345933;-46,623246;-45,629003;-43,481733;-47,528275;-46,004823;-44,138112;-34,950658;-34,543172;-34,941678;-0,063552;-34,718290
146004,000000;-0,072700;-27,149977;-27,049994;-26,241933;-34,428312;-34,118792;-34,614318;-20,905186;-19,947436;-19,054736;-46,367126;-45,389021;-43,216915;-47,250366;-45,745508;-43,906242;-34,481018;-34,089186;-34,575439;-0,063578;-34,343526
147129,000000;-0,073042;-26,961323;-26,881660;-26,292350;-33,925887;-33,639986;-34,231170;-20,672115;-19,730615;-18,741520;-46,078291;-45,106819;-43,043428;-46,950431;-45,452152;-43,761787;-33,978792;-33,604558;-34,193920;-0,063666;-33,952212
148262,000000;-0,073217;-26,717752;-26,646478;-26,401000;-33,391035;-33,131316;-33,836783;-20,421250;-19,496915;-18,405091;-45,770773;-44,802867;-42,916576;-46,634407;-45,137962;-43,666837;-33,443875;-33,089036;-33,801140;-0,063911;-33,548048
149404,000000;-0,073445;-26,451949;-26,383920;-26,421279;-32,830338;-32,598106;-33,442690;-20,151519;-19,245097;-18,043267;-45,440737;-44,487296;-42,721617;-46,297549;-44,808199;-43,519645;-32,884229;-32,548277;-33,408991;-0,064156;-33,140814
150556,000000;-0,073848;-26,188123;-26,118202;-26,313580;-32,275802;-32,064648;-33,080612;-19,863323;-18,974557;-17,658222;-45,086000;-44,173206;-42,451663;-45,946841;-44,471948;-43,314193;-32,333173;-32,007391;-33,048560;-0,064698;-32,758347
151716,000000;-0,074216;-25,957440;-25,876265;-26,129471;-31,817745;-31,598309;-32,809058;-19,556053;-18,683777;-17,253614;-44,693172;-43,882754;-42,213395;-45,606531;-44,153119;-43,136304;-31,883310;-31,535312;-32,777423;-0,064952;-32,450633
152884,000000;-0,074444;-25,810802;-25,703249;-25,910023;-31,670252;-31,365746;-32,704104;-19,227994;-18,370173;-16,830820;-44,230184;-43,633093;-42,165461;-45,332411;-43,900946;-43,059188;-31,753108;-31,302588;-32,667619;-0,065188;-32,277907
154063,000000;-0,074671;-25,790883;-25,645408;-25,669750;-32,191791;-31,675414;-32,795935;-18,871051;-18,026572;-16,382007;-43,709721;-43,393142;-42,538031;-45,229748;-43,803125;-43,101986;-32,302650;-31,624465;-32,742701;-0,065171;-32,251598
155249,000000;-0,074873;-25,866617;-25,687971;-25,413140;-33,675475;-32,849383;-33,006564;-18,469740;-17,644501;-15,892014;-43,303553;-43,111401;-43,519710;-45,388844;-43,943554;-43,212476;-33,821203;-32,828512;-32,915256;-0,065258;-32,283908
156446,000000;-0,075101;-25,996989;-25,766268;-25,142451;-35,980365;-34,826010;-33,176059;-18,019654;-17,222267;-15,353701;-43,156643;-42,861316;-44,838105;-45,690563;-44,237383;-43,261384;-36,164834;-34,862183;-33,028490;-0,065731;-32,233605
157651,000000;-0,075653;-26,307670;-25,944206;-24,861317;-38,344795;-36,926019;-33,202588;-17,541862;-16,771861;-14,776456;-43,281486;-42,756060;-45,680284;-45,920475;-44,448984;-43,155956;-38,590155;-37,075640;-32,998569;-0,066160;-32,029881
158866,000000;-0,075933;-27,007987;-26,445763;-24,574528;-39,436468;-38,117288;-33,110622;-17,053214;-16,302142;-14,173111;-43,734934;-42,899544;-45,512664;-46,113355;-44,541309;-42,916334;-39,792220;-38,440439;-32,857738;-0,066466;-31,704343
160090,000000;-0,076213;-28,077255;-27,397731;-24,295568;-38,922381;-37,979433;-32,967939;-16,551036;-15,812113;-13,552182;-44,490092;-43,370347;-44,650738;-46,408099;-44,668026;-42,605946;-39,394403;-38,446756;-32,668590;-0,066519;-31,316065
161323,000000;-0,076520;-29,127031;-28,548237;-24,054538;-37,917567;-37,193359;-32,815664;-16,017848;-15,288119;-12,930677;-45,250343;-43,998490;-43,678675;-46,735143;-44,874232;-42,283993;-38,473164;-37,741067;-32,464703;-0,066799;-30,917836
162566,000000;-0,076871;-29,754506;-29,417068;-23,917961;-37,014078;-36,368158;-32,662243;-15,439131;-14,714602;-12,328396;-45,676944;-44,411996;-42,885475;-46,872592;-45,007283;-42,025080;-37,633647;-36,976711;-32,254019;-0,067026;-30,577835
163819,000000;-0,076967;-29,920593;-29,784142;-24,003915;-36,252519;-35,639589;-32,514714;-14,816536;-14,089538;-11,787425;-45,721256;-44,466252;-42,309394;-46,766283;-44,972293;-41,961672;-36,923337;-36,317078;-32,047317;-0,067132;-30,415377
165081,000000;-0,077107;-29,834928;-29,794758;-24,461446;-35,582521;-34,987551;-32,405081;-14,168228;-13,423930;-11,376104;-45,567827;-44,298203;-41,962555;-46,545596;-44,856560;-42,295366;-36,283550;-35,744798;-31,885016;-0,067289;-30,616849
166353,000000;-0,077361;-29,681173;-29,667415;-25,360992;-34,977947;-34,393624;-32,387600;-13,517068;-12,748315;-11,175086;-45,375883;-44,070470;-41,866707;-46,328812;-44,766675;-43,199121;-35,670032;-35,218367;-31,837339;-0,067508;-31,371084
167634,000000;-0,077668;-29,499726;-29,488402;-26,608735;-34,452859;-33,874631;-32,490605;-12,907269;-12,098996;-11,243214;-45,151358;-43,829272;-41,990615;-46,100144;-44,678334;-44,593419;-35,070964;-34,702086;-31,977057;-0,067823;-32,744283
168926,000000;-0,077949;-29,265676;-29,249915;-27,976842;-34,063450;-33,488537;-32,672923;-12,383949;-11,530331;-11,578522;-44,876592;-43,583864;-42,251131;-45,783154;-44,482143;-45,998947;-34,498890;-34,184621;-32,360704;-0,068138;-34,620348
170228,000000;-0,078343;-28,992815;-28,968000;-29,116753;-33,914284;-33,343679;-32,912068;-11,997983;-11,112014;-12,119481;-44,694798;-43,455484;-42,575070;-45,393546;-44,165289;-46,793697;-33,980225;-33,691384;-33,069342;-0,068304;-36,736295
171539,000000;-0,078588;-28,715677;-28,678325;-29,730401;-34,160375;-33,598196;-33,369632;-11,771108;-10,898868;-12,749860;-44,808985;-43,627737;-43,006355;-45,010407;-43,820570;-46,887897;-33,563063;-33,285989;-34,216028;-0,068567;-38,771704
172861,000000;-0,078851;-28,453910;-28,402316;-29,825932;-34,917501;-34,370060;-34,291915;-11,644988;-10,862512;-13,287874;-45,306051;-44,191017;-43,632988;-44,726604;-43,567647;-46,650642;-33,341783;-33,083236;-35,772462;-0,068725;-40,406556
174193,000000;-0,079149;-28,212067;-28,146896;-29,607823;-36,070452;-35,548168;-35,729273;-11,509947;-10,888608;-13,548957;-46,005482;-44,973648;-44,342697;-44,637602;-43,523541;-46,358128;-33,456623;-33,239840;-37,491741;-0,069031;-41,443583
175535,000000;-0,079404;-27,989886;-27,915673;-29,262445;-37,205440;-36,722169;-37,420841;-11,372435;-10,936692;-13,526627;-46,509409;-45,570531;-44,826727;-44,787389;-43,739889;-46,102493;-34,002100;-33,849266;-39,040337;-0,069338;-41,897548
176887,000000;-0,079763;-27,791971;-27,716551;-28,894241;-37,865646;-37,433049;-38,889605;-11,379419;-11,111203;-13,450655;-46,549841;-45,693658;-44,915771;-45,034937;-44,066848;-45,854832;-34,834871;-34,746993;-40,092324;-0,069565;-41,858430
178250,000000;-0,080166;-27,617590;-27,549462;-28,553816;-37,907936;-37,524339;-39,639312;-11,636892;-11,502432;-13,551024;-46,184511;-45,385598;-44,719842;-45,093584;-44,201423;-45,574293;-35,532055;-35,498003;-40,390642;-0,070011;-41,358524
179624,000000;-0,080368;-27,453871;-27,393518;-28,261304;-37,529827;-37,184938;-39,528778;-12,116256;-12,088755;-13,870556;-45,645841;-44,877110;-44,451145;-44,857199;-44,025578;-45,292302;-35,751826;-35,765152;-39,971211;-0,070353;-40,507768
181008,000000;-0,080718;-27,304552;-27,242284;-28,020209;-37,042332;-36,717346;-38,943660;-12,709881;-12,780525;-14,329182;-45,205848;-44,429147;-44,264631;-44,517182;-43,717780;-45,071021;-35,570098;-35,617483;-39,234752;-0,070414;-39,560098
182402,000000;-0,081192;-27,202743;-27,123882;-27,815541;-36,751639;-36,409022;-38,423761;-13,288997;-13,476971;-14,823760;-45,168728;-44,320072;-44,248481;-44,424925;-43,593264;-44,947416;-35,376319;-35,407131;-38,623449;-0,070721;-38,754981
183808,000000;-0,081525;-27,174624;-27,068005;-27,615503;-36,895831;-36,493243;-38,274085;-13,741735;-14,088746;-15,254053;-45,768157;-44,792938;-44,449144;-44,967290;-43,994266;-44,926149;-35,628239;-35,542343;-38,334249;-0,070984;-38,178203
185224,000000;-0,081911;-27,171053;-27,042525;-27,404614;-37,439708;-36,984380;-38,423761;-14,057576;-14,567628;-15,554621;-46,792767;-45,723505;-44,811766;-46,260950;-45,053069;-44,978469;-36,583915;-36,288590;-38,252465;-0,071290;-37,773405
186651,000000;-0,082218;-27,108688;-26,974634;-27,191584;-37,992106;-37,552012;-38,541480;-14,357350;-14,950512;-15,753052;-47,624295;-46,531674;-45,142545;-47,876738;-46,412842;-45,028674;-37,992314;-37,481856;-38,137032;-0,071588;-37,432596
188089,000000;-0,082832;-26,985265;-26,852075;-26,986100;-38,205854;-37,839191;-38,448718;-14,761854;-15,320747;-15,935207;-47,930443;-46,849151;-45,308580;-49,136575;-47,460573;-45,027047;-39,211718;-38,552502;-37,906571;-0,072376;-37,111131
189538,000000;-0,083104;-26,835096;-26,703758;-26,791513;-38,071951;-37,793999;-38,216174;-15,342770;-15,718602;-16,131997;-47,819301;-46,759206;-45,334770;-49,651648;-47,867687;-44,994508;-39,783828;-39,061126;-37,626110;-0,072525;-36,823827
190999,000000;-0,083507;-26,681742;-26,551762;-26,607787;-37,743143;-37,544938;-37,943439;-16,202168;-16,163940;-16,328852;-47,504502;-46,465982;-45,282101;-49,546135;-47,756131;-44,953022;-39,746798;-39,026814;-37,353013;-0,072735;-36,577762
192470,000000;-0,083708;-26,535341;-26,406864;-26,432601;-37,343923;-37,208085;-37,663330;-17,484391;-16,709553;-16,521481;-47,124967;-46,105703;-45,170382;-49,140630;-47,392033;-44,888311;-39,377327;-38,688181;-37,093399;-0,073051;-36,354789
193953,000000;-0,084209;-26,397280;-26,272745;-26,265487;-36,956252;-36,857032;-37,366793;-19,248363;-17,462702;-16,748293;-46,763936;-45,762304;-45,006463;-48,679103;-46,975428;-44,776995;-38,905211;-38,244442;-36,830277;-0,073524;-36,129995
195447,000000;-0,084550;-26,261968;-26,143185;-26,105984;-36,658145;-36,554365;-37,033624;-21,363675;-18,559269;-17,099367;-46,500005;-45,516023;-44,821187;-48,324262;-46,642576;-44,621632;-38,468866;-37,815586;-36,548175;-0,073813;-35,892826
196953,000000;-0,084883;-26,125074;-26,011120;-25,952872;-36,524449;-36,369245;-36,639779;-23,463064;-20,121589;-17,709314;-46,408590;-45,449500;-44,657684;-48,176592;-46,489639;-44,441188;-38,131706;-37,463026;-36,241918;-0,074198;-35,643901
198471,000000;-0,085147;-25,986012;-25,875650;-25,805140;-36,543681;-36,335287;-36,165225;-25,160495;-22,123844;-18,748586;-46,440328;-45,522402;-44,510566;-48,145698;-46,459274;-44,239094;-37,845763;-37,160537;-35,916949;-0,074251;-35,383616
200000,000000;-0,085507;-25,846383;-25,738039;-25,662412;-36,618390;-36,406781;-35,649374;-26,277378;-24,398092;-20,327114;-46,429632;-45,549066;-44,334109;-48,007862;-46,345730;-44,013120;-37,519637;-36,837335;-35,601502;-0,074689;-35,129070
201155,000000;-0,086112;-25,741823;-25,634667;-25,559009;-36,659801;-36,457122;-35,299284;-26,786959;-26,141300;-21,854450;-46,350077;-45,481539;-44,174540;-47,799963;-46,164053;-43,849435;-37,244376;-36,575069;-35,396542;-0,075153;-34,976340
202316,000000;-0,086357;-25,638440;-25,531724;-25,458598;-36,652649;-36,426848;-35,034353;-27,120865;-27,823213;-23,583640;-46,217838;-45,349986;-43,998133;-47,541283;-45,936168;-43,715594;-36,959863;-36,308953;-35,232754;-0,075390;-34,889437
203484,000000;-0,086647;-25,537999;-25,432210;-25,359833;-36,580047;-36,274325;-34,878496;-27,363254;-29,420535;-25,376350;-46,051019;-45,178938;-43,813574;-47,264868;-45,695682;-43,626207;-36,677795;-36,048545;-35,110301;-0,075513;-34,882350
204659,000000;-0,086892;-25,444280;-25,341194;-25,259966;-36,446615;-36,015102;-34,819932;-27,559182;-30,963105;-27,062872;-45,867402;-44,991900;-43,627856;-46,991013;-45,463060;-43,573700;-36,402762;-35,797216;-35,020144;-0,075907;-34,932513
205840,000000;-0,087305;-25,364954;-25,268804;-25,156798;-36,268840;-35,702964;-34,816966;-27,717586;-32,481025;-28,475478;-45,682924;-44,809287;-43,439841;-46,733314;-45,248594;-43,528377;-36,135170;-35,552435;-34,951727;-0,076441;-34,989746
207028,000000;-0,087691;-25,312998;-25,230128;-25,049977;-36,058746;-35,388927;-34,819405;-27,837271;-33,940963;-29,502268;-45,513909;-44,649610;-43,244659;-46,504412;-45,061730;-43,459752;-35,873037;-35,310413;-34,893392;-0,076704;-35,008109
208224,000000;-0,087849;-25,304051;-25,238793;-24,941677;-35,823543;-35,099870;-34,797093;-27,922245;-35,252293;-30,127466;-45,379561;-44,529771;-43,041862;-46,319313;-44,912880;-43,358551;-35,614860;-35,069438;-34,831996;-0,076940;-34,973174
209426,000000;-0,088200;-25,336103;-25,282787;-24,835392;-35,566761;-34,837603;-34,744336;-27,983155;-36,317022;-30,419873;-45,283824;-44,442217;-42,836152;-46,176354;-44,793798;-43,232780;-35,358536;-34,828834;-34,758576;-0,077133;-34,894019
210635,000000;-0,088560;-25,374866;-25,319421;-24,734406;-35,293472;-34,592806;-34,669486;-28,030668;-37,081349;-30,479868;-45,195684;-44,349602;-42,636319;-46,042847;-44,669066;-43,098461;-35,103231;-34,588473;-34,672261;-0,077510;-34,788604
211851,000000;-0,088998;-25,381061;-25,315192;-24,644924;-35,009331;-34,356443;-34,584234;-28,072567;-37,558764;-30,397043;-45,076973;-44,220464;-42,454612;-45,880571;-44,511631;-42,974625;-34,847964;-34,348102;-34,579300;-0,077887;-34,673296
213074,000000;-0,089270;-25,345243;-25,268755;-24,575205;-34,718810;-34,121617;-34,499489;-28,113254;-37,810387;-30,235107;-44,919015;-44,054539;-42,307513;-45,678798;-44,318087;-42,883671;-34,591315;-34,106708;-34,487923;-0,078141;-34,560799
214304,000000;-0,089569;-25,277937;-25,193804;-24,530649;-34,425110;-33,885193;-34,424379;-28,154843;-37,908961;-30,034313;-44,733013;-43,865970;-42,212151;-45,447044;-44,101042;-42,847284;-34,332483;-33,863482;-34,405749;-0,078588;-34,459282
215541,000000;-0,089893;-25,192873;-25,104255;-24,502204;-34,132175;-33,647549;-34,364701;-28,197949;-37,917157;-29,817240;-44,534645;-43,669195;-42,167110;-45,200741;-43,873266;-42,868999;-34,074113;-33,618879;-34,338772;-0,078895;-34,373969
216785,000000;-0,090385;-25,100504;-25,009061;-24,465003;-33,850422;-33,413629;-34,323215;-28,240441;-37,877134;-29,596095;-44,338430;-43,476871;-42,141954;-44,956772;-43,646379;-42,918971;-33,825042;-33,378502;-34,288674;-0,079000;-34,306288
218037,000000;-0,090604;-25,007129;-24,914012;-24,401161;-33,606513;-33,199450;-34,298625;-28,278769;-37,815451;-29,378779;-44,162497;-43,304836;-42,109148;-44,742574;-43,438279;-42,959518;-33,611757;-33,159170;-34,254583;-0,079439;-34,255076
219296,000000;-0,090903;-24,915572;-24,821566;-24,312462;-33,460264;-33,044152;-34,284444;-28,305689;-37,748972;-29,171661;-44,038982;-43,182328;-42,080914;-44,609884;-43,283184;-42,976154;-33,493587;-33,002061;-34,231214;-0,079684;-34,215894
220562,000000;-0,091578;-24,826424;-24,732189;-24,211404;-33,515462;-33,024793;-34,271410;-28,310797;-37,686592;-28,983843;-44,023107;-43,161504;-42,111375;-44,646866;-43,245820;-42,976228;-33,572630;-32,987559;-34,211833;-0,080210;-34,185466
221835,000000;-0,091938;-24,737507;-24,643619;-24,109793;-33,872229;-33,244347;-34,246070;-28,287966;-37,626638;-28,822806;-44,171591;-43,295653;-42,256986;-44,933825;-43,408329;-42,972436;-33,939105;-33,219880;-34,187557;-0,080490;-34,158913
223116,000000;-0,091736;-24,646792;-24,552143;-24,020141;-34,466169;-33,723204;-34,192184;-28,252000;-37,549064;-28,684791;-44,454466;-43,556690;-42,496216;-45,409642;-43,773944;-42,964844;-34,515365;-33,713553;-34,144515;-0,080236;-34,122147
224404,000000;-0,092123;-24,559363;-24,459805;-23,958831;-35,014467;-34,268401;-34,102038;-28,226522;-37,448899;-28,551212;-44,718720;-43,799330;-42,706872;-45,837975;-44,174203;-42,936845;-35,024013;-34,263823;-34,069943;-0,080674;-34,056218
225699,000000;-0,092878;-24,480281;-24,371054;-23,939506;-35,291300;-34,618011;-33,984570;-28,215936;-37,344755;-28,404191;-44,835892;-43,901925;-42,796523;-46,042046;-44,408720;-42,882702;-35,264722;-34,608247;-33,964040;-0,081455;-33,956803
227002,000000;-0,093203;-24,409960;-24,289488;-23,960421;-35,306972;-34,703408;-33,854145;-28,211733;-37,246906;-28,240306;-44,807021;-43,867475;-42,778612;-46,034352;-44,441797;-42,813523;-35,259537;-34,687561;-33,840286;-0,081902;-33,836569
228313,000000;-0,093642;-24,346334;-24,216836;-23,995931;-35,171610;-34,611236;-33,720042;-28,207888;-37,151773;-28,065134;-44,690817;-43,752323;-42,699200;-45,903216;-44,345346;-42,735780;-35,115695;-34,592293;-33,708921;-0,082130;-33,706985
229631,000000;-0,094055;-24,282958;-24,152740;-24,012197;-34,971129;-34,434899;-33,582831;-28,199825;-37,052905;-27,881042;-44,529098;-43,599612;-42,584796;-45,714612;-44,186712;-42,644972;-34,913438;-34,415105;-33,572340;-0,082410;-33,571387
230956,000000;-0,094441;-24,217344;-24,093511;-23,994198;-34,750599;-34,228890;-33,441507;-28,186662;-36,945735;-27,690363;-44,345232;-43,428877;-42,446620;-45,502511;-44,001299;-42,536786;-34,694302;-34,208890;-33,430899;-0,083077;-33,429799
232290,000000;-0,094871;-24,151213;-24,035871;-23,945756;-34,529882;-34,018444;-33,296621;-28,167290;-36,828710;-27,492681;-44,150793;-43,248698;-42,293228;-45,282739;-43,804821;-42,413024;-34,476418;-33,998008;-33,285267;-0,083226;-33,284265
233631,000000;-0,094783;-24,086083;-23,975645;-23,877011;-34,316124;-33,812465;-33,150362;-28,141172;-36,700221;-27,286546;-43,953955;-43,064638;-42,130336;-45,063441;-43,605569;-42,277329;-34,265932;-33,791487;-33,138173;-0,083209;-33,136871
234980,000000;-0,095073;-24,018816;-23,909225;-23,795727;-34,110455;-33,614131;-33,005555;-28,108857;-36,560442;-27,071475;-43,760662;-42,882097;-41,963361;-44,850591;-43,409576;-42,136053;-34,063363;-33,591964;-32,992597;-0,083594;-32,991279
236336,000000;-0,095987;-23,945073;-23,834565;-23,705741;-33,911396;-33,421853;-32,864687;-28,070103;-36,408907;-26,846609;-43,573268;-42,703349;-41,794173;-44,645636;-43,218488;-41,992439;-33,867254;-33,398587;-32,851099;-0,084270;-32,849459
237700,000000;-0,096320;-23,864805;-23,753246;-23,608490;-33,716038;-33,234576;-32,729002;-28,024343;-36,244906;-26,609999;-43,391332;-42,528764;-41,623892;-44,446941;-43,032387;-41,849107;-33,675181;-33,209460;-32,715136;-0,084594;-32,713146
239073,000000;-0,096724;-23,780840;-23,668268;-23,506395;-33,523330;-33,050901;-32,601997;-27,971839;-36,068628;-26,360657;-43,215556;-42,359225;-41,454872;-44,252420;-42,850359;-41,709762;-33,485460;-33,024015;-32,587518;-0,085085;-32,585594
240453,000000;-0,097207;-23,695420;-23,583457;-23,402544;-33,331458;-32,870113;-32,486289;-27,912541;-35,878493;-26,097304;-43,045130;-42,195348;-41,289301;-44,060262;-42,672079;-41,578730;-33,296099;-32,840541;-32,471271;-0,085393;-32,469556
241841,000000;-0,097646;-23,611227;-23,500870;-23,301100;-33,138882;-32,691139;-32,385323;-27,846804;-35,676206;-25,819132;-42,882206;-42,039414;-41,130762;-43,870689;-42,499192;-41,460697;-33,106536;-32,658140;-32,369756;-0,085691;-32,368493
243237,000000;-0,098033;-23,530998;-23,424483;-23,209521;-32,945740;-32,513760;-32,301611;-27,774926;-35,460736;-25,524485;-42,728345;-41,895678;-40,987709;-43,684170;-42,334507;-41,364580;-32,916025;-32,476786;-32,285301;-0,086085;-32,284622
244642,000000;-0,098288;-23,458239;-23,359011;-23,140618;-32,753066;-32,338313;-32,235879;-27,696765;-35,232253;-25,212462;-42,587873;-41,769550;-40,873884;-43,507033;-42,184171;-41,303004;-32,726407;-32,296851;-32,218522;-0,086410;-32,218664
246054,000000;-0,098771;-23,396827;-23,307263;-23,110892;-32,567525;-32,168173;-32,186843;-27,612707;-34,992625;-24,881482;-42,465958;-41,665880;-40,810367;-43,346361;-42,052991;-41,293241;-32,543858;-32,121691;-32,168032;-0,086936;-32,169054
247474,000000;-0,099157;-23,347472;-23,266392;-23,124809;-32,404067;-32,011995;-32,151372;-27,522676;-34,743767;-24,530166;-42,370629;-41,587110;-40,810882;-43,217682;-41,945662;-41,341539;-32,383804;-31,961276;-32,130532;-0,087121;-32,132358
248903,000000;-0,099562;-23,304124;-23,225171;-23,153733;-32,293917;-31,890955;-32,128110;-27,427910;-34,489305;-24,157169;-42,317942;-41,541154;-40,860591;-43,149537;-41,873213;-41,421948;-32,277193;-31,836558;-32,104524;-0,087691;-32,106519
250340,000000;-0,100001;-23,253637;-23,171096;-23,152871;-32,284944;-31,840801;-32,118500;-27,327884;-34,232735;-23,760488;-42,335859;-41,550193;-40,932655;-43,185486;-41,865221;-41,492191;-32,271555;-31,785804;-32,091585;-0,088051;-32,092354
251785,000000;-0,100537;-23,187692;-23,101440;-23,106369;-32,406059;-31,899120;-32,120638;-27,222052;-33,974147;-23,338882;-42,446447;-41,642404;-41,022854;-43,354869;-41,961150;-41,534830;-32,393713;-31,846540;-32,090152;-0,088481;-32,088930
253239,000000;-0,101011;-23,108344;-23,020548;-23,026822;-32,594810;-32,049229;-32,121269;-27,109909;-33,702903;-22,890332;-42,613100;-41,795636;-41,116291;-43,596129;-42,146635;-41,552124;-32,580786;-31,999262;-32,088545;-0,089077;-32,085856
254701,000000;-0,101381;-23,022589;-22,934166;-22,931061;-32,717915;-32,187727;-32,101480;-26,991071;-33,405779;-22,412611;-42,734197;-41,917174;-41,161983;-43,765927;-42,312964;-41,537773;-32,700954;-32,136466;-32,067575;-0,089288;-32,064997
256171,000000;-0,102119;-22,935347;-22,846489;-22,830122;-32,709206;-32,221253;-32,051107;-26,865007;-33,081121;-21,906630;-42,745259;-41,936832;-41,130031;-43,787246;-42,362508;-41,487375;-32,691102;-32,164366;-32,015597;-0,089981;-32,014766
257650,000000;-0,102470;-22,847694;-22,758780;-22,728690;-32,598143;-32,148206;-31,972196;-26,731654;-32,737467;-21,375502;-42,660697;-41,861388;-41,036779;-43,689468;-42,293975;-41,408045;-32,580491;-32,083237;-31,934535;-0,090200;-31,936010
259138,000000;-0,102892;-22,760237;-22,671500;-22,628663;-32,439241;-32,013484;-31,875057;-26,590686;-32,382214;-20,822876;-42,525615;-41,733049;-40,913403;-43,534612;-42,158208;-41,313566;-32,422126;-31,940199;-31,835303;-0,090350;-31,838662
260633,000000;-0,103296;-22,673072;-22,584398;-22,530507;-32,277550;-31,859052;-31,771748;-26,438541;-32,019062;-20,254158;-42,380974;-41,590385;-40,785040;-43,374612;-42,002091;-41,215188;-32,259682;-31,779363;-31,730853;-0,090815;-31,734508
262138,000000;-0,103859;-22,585369;-22,497050;-22,433380;-32,150986;-31,717320;-31,672949;-26,267668;-31,649337;-19,675885;-42,260535;-41,465065;-40,670548;-43,252474;-41,862896;-41,120322;-32,129233;-31,634240;-31,633112;-0,091350;-31,634870
263651,000000;-0,104343;-22,496783;-22,409000;-22,336394;-32,094416;-31,618075;-31,586036;-26,065116;-31,263585;-19,099881;-42,195001;-41,385644;-40,584799;-43,207109;-41,775111;-41,034891;-32,062350;-31,536230;-31,552275;-0,091789;-31,548860
265174,000000;-0,105028;-22,406856;-22,319746;-22,239422;-32,113909;-31,580729;-31,509946;-25,818690;-30,830023;-18,543610;-42,194040;-41,364803;-40,532648;-43,243145;-41,758674;-40,960502;-32,060609;-31,503967;-31,489381;-0,092465;-31,478367
266704,000000;-0,105353;-22,315436;-22,228649;-22,142143;-32,152041;-31,584552;-31,434582;-25,521664;-30,296336;-18,030379;-42,216309;-41,373162;-40,492366;-43,296986;-41,785367;-40,891229;-32,070817;-31,510731;-31,431440;-0,092816;-31,414744
268244,000000;-0,106259;-22,222925;-22,136576;-22,045215;-32,134183;-31,569501;-31,355948;-25,160573;-29,620119;-17,590694;-42,199900;-41,355661;-40,433239;-43,288370;-41,786168;-40,820957;-32,029430;-31,493751;-31,367451;-0,093484;-31,349721
269793,000000;-0,106646;-22,128993;-22,042819;-21,949271;-32,038803;-31,497601;-31,281171;-24,696930;-28,771246;-17,261849;-42,124365;-41,286007;-40,346490;-43,197539;-41,721795;-40,750947;-31,924279;-31,417945;-31,300610;-0,093818;-31,286043
271350,000000;-0,107085;-22,033342;-21,947369;-21,855493;-31,888872;-31,377101;-31,219381;-24,082177;-27,717269;-17,082466;-42,007683;-41,178014;-40,243977;-43,052274;-41,604573;-40,687303;-31,778925;-31,295061;-31,241217;-0,094116;-31,232191
272917,000000;-0,107534;-21,936550;-21,851052;-21,766857;-31,710126;-31,229881;-31,173797;-23,290095;-26,456880;-17,080356;-41,871791;-41,051080;-40,139895;-42,883162;-41,460882;-40,634115;-31,617613;-31,149966;-31,194384;-0,094695;-31,190603
274492,000000;-0,108000;-21,839505;-21,753475;-21,686897;-31,517924;-31,069195;-31,140783;-22,344547;-25,051298;-17,259695;-41,728268;-40,916067;-40,041792;-42,708628;-41,308749;-40,588283;-31,455148;-30,999978;-31,156176;-0,095134;-31,153948
276077,000000;-0,108545;-21,743532;-21,656289;-21,619327;-31,319838;-30,901762;-31,112046;-21,318913;-23,612360;-17,598266;-41,582013;-40,776991;-39,952099;-42,541173;-41,158915;-40,539708;-31,299525;-30,854628;-31,112795;-0,095503;-31,104650
277671,000000;-0,108994;-21,654418;-21,562193;-21,566676;-31,120948;-30,730890;-31,076591;-20,297868;-22,250591;-18,061105;-41,437575;-40,636386;-39,868112;-42,392029;-41,020099;-40,475101;-31,157651;-30,721036;-31,045059;-0,096039;-31,023247
279274,000000;-0,109601;-21,583180;-21,479256;-21,524937;-30,927213;-30,560355;-31,021053;-19,340778;-21,026197;-18,633462;-41,304619;-40,500385;-39,783913;-42,273141;-40,899741;-40,383331;-31,032522;-30,601234;-30,936172;-0,096513;-30,898563
280886,000000;-0,110401;-21,546467;-21,422214;-21,482861;-30,745992;-30,394140;-30,935010;-18,487017;-19,968701;-19,346739;-41,200913;-40,382469;-39,689619;-42,195236;-40,804876;-40,262004;-30,922447;-30,490993;-30,785981;-0,097216;-30,738393
282508,000000;-0,110885;-21,555792;-21,408730;-21,428007;-30,585177;-30,236321;-30,811366;-17,779659;-19,110616;-20,265533;-41,139661;-40,301285;-39,578944;-42,161862;-40,742655;-40,119555;-30,822410;-30,381904;-30,610158;-0,097594;-30,561967
284139,000000;-0,111325;-21,599831;-21,444096;-21,358484;-30,459167;-30,094360;-30,649999;-17,259948;-18,488842;-21,462249;-41,113900;-40,268677;-39,457821;-42,163098;-40,713978;-39,969739;-30,736151;-30,271079;-30,429998;-0,097857;-30,387330
285779,000000;-0,111836;-21,642940;-21,500187;-21,280821;-30,393019;-29,981172;-30,456938;-16,947141;-18,120086;-23,005225;-41,099821;-40,270083;-39,344966;-42,184707;-40,707256;-39,826209;-30,683156;-30,170077;-30,260883;-0,098428;-30,225123
287429,000000;-0,112381;-21,646246;-21,527712;-21,199876;-30,426420;-29,922199;-30,247590;-16,820815;-17,985560;-24,955941;-41,083304;-40,284162;-39,269259;-42,229491;-40,713459;-39,702452;-30,697550;-30,109951;-30,113067;-0,098859;-30,082012
289088,000000;-0,113032;-21,594058;-21,498608;-21,114611;-30,600056;-29,960366;-30,049078;-16,813470;-18,024980;-27,395451;-41,081563;-40,315603;-39,260878;-42,324353;-40,760696;-39,611525;-30,815740;-30,144736;-29,994886;-0,099307;-29,966302
290757,000000;-0,113411;-21,498474;-21,419984;-21,022727;-30,887756;-30,132958;-29,889973;-16,841742;-18,143693;-30,597761;-41,117861;-40,379719;-39,324933;-42,479363;-40,889266;-39,559107;-31,028904;-30,316025;-29,906343;-0,099939;-29,880784
292436,000000;-0,113912;-21,378759;-21,310556;-20,927841;-31,153070;-30,387991;-29,773672;-16,876955;-18,266896;-35,651163;-41,163195;-40,444111;-39,412893;-42,629063;-41,059712;-39,527544;-31,242992;-30,562084;-29,827951;-0,100475;-29,808934
294124,000000;-0,114678;-21,249592;-21,186713;-20,838063;-31,274297;-30,581623;-29,672704;-16,945919;-18,400538;-49,286144;-41,155353;-40,448683;-39,459780;-42,687984;-41,161040;-39,492654;-31,352224;-30,735313;-29,735915;-0,101187;-29,723773
295822,000000;-0,115109;-21,117743;-21,057975;-20,756953;-31,253457;-30,634620;-29,617885;-17,054391;-18,566999;-39,574395;-41,074306;-40,377832;-39,448687;-42,640226;-41,146666;-39,447708;-31,335840;-30,764988;-29,625984;-0,101741;-29,618332
297530,000000;-0,115593;-20,984702;-20,927599;-20,679616;-31,149150;-30,578892;-29,504394;-17,175270;-18,730481;-32,637537;-40,946214;-40,259937;-39,397239;-42,522026;-41,050600;-39,398698;-31,233394;-30,686247;-29,563749;-0,101890;-29,558813
299247,000000;-0,116007;-20,850709;-20,796371;-20,599230;-31,008334;-30,470179;-29,401491;-17,290160;-18,828899;-29,004686;-40,803114;-40,126735;-39,323807;-42,371862;-40,918663;-39,352944;-31,088134;-30,554323;-29,460144;-0,102374;-29,457821
300975,000000;-0,116632;-20,714204;-20,663016;-20,514216;-30,855992;-30,341557;-29,321205;-17,408715;-18,826242;-26,636346;-40,664020;-39,997482;-39,245496;-42,212733;-40,777713;-39,319710;-30,926968;-30,403400;-29,380442;-0,102813;-29,379597
302712,000000;-0,117248;-20,575319;-20,527239;-20,426148;-30,707706;-30,207973;-29,261991;-17,558632;-18,732357;-24,861347;-40,536435;-39,880098;-39,174515;-42,060112;-40,642790;-39,303582;-30,766639;-30,252056;-29,323263;-0,103481;-29,323644
304460,000000;-0,117653;-20,434810;-20,389044;-20,334901;-30,576044;-30,078713;-29,211026;-17,762724;-18,592666;-23,511182;-40,421743;-39,776122;-39,115479;-41,926091;-40,521869;-39,296370;-30,621864;-30,111453;-29,275550;-0,103947;-29,276662
306218,000000;-0,118331;-20,294759;-20,249535;-20,240109;-30,475950;-29,965591;-29,153253;-18,030863;-18,463843;-22,490591;-40,322830;-39,687190;-39,069238;-41,827201;-40,423211;-39,284923;-30,510110;-29,992718;-29,221466;-0,104659;-29,222446
307985,000000;-0,118569;-20,158504;-20,111131;-20,143126;-30,420133;-29,882138;-29,078603;-18,358086;-18,391078;-21,754772;-40,244467;-39,616926;-39,035594;-41,777157;-40,355688;-39,259044;-30,446059;-29,907022;-29,150413;-0,104799;-29,150612
309763,000000;-0,119036;-20,034665;-19,979526;-20,049905;-30,397733;-29,833204;-28,986409;-18,731907;-18,396854;-21,269072;-40,185145;-39,561667;-39,007423;-41,763919;-40,319253;-39,215208;-30,419441;-29,856921;-29,061452;-0,105274;-29,061254
311552,000000;-0,119969;-19,940618;-19,866230;-19,971384;-30,369685;-29,799400;-28,883776;-19,136371;-18,479723;-20,996190;-40,131169;-39,503393;-38,965530;-41,744275;-40,290267;-39,154162;-30,390777;-29,821142;-28,960564;-0,106101;-28,960418
313350,000000;-0,120603;-19,907984;-19,793746;-19,927688;-30,316595;-29,754826;-28,786304;-19,556301;-18,625377;-20,896582;-40,080403;-39,433619;-38,894881;-41,696670;-40,242172;-39,078529;-30,338872;-29,772896;-28,864931;-0,106558;-28,864690
315160,000000;-0,121105;-19,985160;-19,802742;-19,952186;-30,263572;-29,701399;-28,724376;-19,980912;-18,816156;-20,932607;-40,062738;-39,371669;-38,799725;-41,642866;-40,179237;-38,994880;-30,286849;-29,714971;-28,804309;-0,106866;-28,804070
316979,000000;-0,121801;-20,218670;-19,952877;-20,092026;-30,252763;-29,670589;-28,739876;-20,402298;-19,036293;-21,067369;-40,104509;-39,354315;-38,694532;-41,603100;-40,128674;-38,909578;-30,274310;-29,678182;-28,820623;-0,107358;-28,820384
318809,000000;-0,122620;-20,610517;-20,289234;-20,389798;-30,314430;-29,700257;-28,877715;-20,814344;-19,272054;-21,267584;-40,178094;-39,390839;-38,594439;-41,548418;-40,098121;-38,827608;-30,329994;-29,699515;-28,958200;-0,108070;-28,957567
320649,000000;-0,122964;-21,100028;-20,782093;-20,835165;-30,438660;-29,805791;-29,144810;-21,211432;-19,512011;-21,505722;-40,220985;-39,430120;-38,507986;-41,438169;-40,049118;-38,752498;-30,443110;-29,794060;-29,220964;-0,108713;-29,220386
322500,000000;-0,123801;-21,574867;-21,316578;-21,318893;-30,556314;-29,946160;-29,462338;-21,590250;-19,749330;-21,761748;-40,196492;-39,410295;-38,432024;-41,277067;-39,943725;-38,683776;-30,546743;-29,922417;-29,529259;-0,109328;-29,528036
324362,000000;-0,124338;-21,905441;-21,743352;-21,676545;-30,587998;-30,033954;-29,701690;-21,948031;-19,978486;-22,020354;-40,105371;-39,322923;-38,353342;-41,096608;-39,792135;-38,615743;-30,565866;-30,002246;-29,755280;-0,110155;-29,753144
326235,000000;-0,125387;-22,032046;-21,962163;-21,819829;-30,522994;-30,023565;-29,799454;-22,281711;-20,195399;-22,271754;-39,981085;-39,197926;-38,267892;-40,932490;-39,628986;-38,545667;-30,493726;-29,989837;-29,838865;-0,111026;-29,836195
328118,000000;-0,125995;-21,989086;-21,976349;-21,777445;-30,406478;-29,940675;-29,783418;-22,584820;-20,393187;-22,504718;-39,876672;-39,075092;-38,184544;-40,822275;-39,490523;-38,478775;-30,375448;-29,909359;-29,811326;-0,111677;-29,807698
330012,000000;-0,126691;-21,852440;-21,854740;-21,626154;-30,276919;-29,826794;-29,711569;-22,850902;-20,564476;-22,707358;-39,844191;-38,990780;-38,114631;-40,801513;-39,403724;-38,425717;-30,247223;-29,800447;-29,728910;-0,111941;-29,723800
331917,000000;-0,127317;-21,689175;-21,670026;-21,429123;-30,131369;-29,690551;-29,614363;-23,078196;-20,703874;-22,873290;-39,891670;-38,956128;-38,052771;-40,859824;-39,371023;-38,384802;-30,103778;-29,671461;-29,620146;-0,112733;-29,614179
333834,000000;-0,128058;-21,535617;-21,467184;-21,222534;-29,949573;-29,570621;-29,492858;-23,280903;-20,821206;-23,009474;-39,955555;-38,937663;-37,977437;-40,922942;-39,352299;-38,338911;-29,923915;-29,508340;-29,487108;-0,113226;-29,481025
335761,000000;-0,128763;-21,394124;-21,283871;-21,025101;-29,738473;-29,365978;-29,346874;-23,476132;-20,932191;-23,134410;-39,963336;-38,896946;-37,877542;-40,921560;-39,306789;-38,273943;-29,715316;-29,365033;-29,332720;-0,114114;-29,326592
337699,000000;-0,129433;-21,260762;-21,139889;-20,845087;-29,576506;-29,152406;-29,185679;-23,668891;-21,044672;-23,257515;-39,900854;-38,839151;-37,760778;-40,852395;-39,240560;-38,190395;-29,504057;-29,157764;-29,167492;-0,114863;-29,160956
339649,000000;-0,130199;-21,149660;-21,041410;-20,685583;-29,373871;-28,947219;-29,019322;-23,854876;-21,155472;-23,376047;-39,808603;-38,788612;-37,640396;-40,756612;-39,180204;-38,097450;-29,356433;-28,955983;-29,000230;-0,115593;-28,993525
341610,000000;-0,130985;-21,071141;-20,974270;-20,545246;-29,185954;-28,756166;-28,854140;-24,029280;-21,259959;-23,485040;-39,723545;-38,750692;-37,523686;-40,669638;-39,132440;-38,002315;-29,170986;-28,766145;-28,836008;-0,116218;-28,828372
343582,000000;-0,131620;-20,999941;-20,908628;-20,417413;-29,009955;-28,577568;-28,692986;-24,189610;-21,355813;-23,580597;-39,639229;-38,701710;-37,411810;-40,585227;-39,076108;-37,907185;-28,997023;-28,587927;-28,676202;-0,116799;-28,667692
345565,000000;-0,132413;-20,902516;-20,813008;-20,294660;-28,841944;-28,409472;-28,536578;-24,334023;-21,441163;-23,660890;-39,529930;-38,615965;-37,301675;-40,480029;-38,987843;-37,811129;-28,830845;-28,419473;-28,521668;-0,117451;-28,512244
347560,000000;-0,133021;-20,775813;-20,688121;-20,172696;-28,679716;-28,248429;-28,386563;-24,462418;-21,515851;-23,724645;-39,392459;-38,495340;-37,191222;-40,349691;-38,868153;-37,713920;-28,670449;-28,257482;-28,372728;-0,118094;-28,362553
349567,000000;-0,133524;-20,634769;-20,548177;-20,050202;-28,522548;-28,092986;-28,243649;-24,574028;-21,579533;-23,771168;-39,240958;-38,356720;-37,079859;-40,206279;-38,732057;-37,616400;-28,515114;-28,101105;-28,231451;-0,118710;-28,220344
351585,000000;-0,134124;-20,491934;-20,405683;-19,928377;-28,374823;-27,945694;-28,113188;-24,669587;-21,632672;-23,800542;-39,090958;-38,217235;-36,971193;-40,064480;-38,594217;-37,523097;-28,368630;-27,952505;-28,102386;-0,119256;-28,090693
353615,000000;-0,134830;-20,352703;-20,266410;-19,808008;-28,248564;-27,812894;-28,002492;-24,748469;-21,674775;-23,812483;-38,954973;-38,090894;-36,872713;-39,940274;-38,466900;-37,439320;-28,243941;-27,818468;-27,992807;-0,119943;-27,979715
355656,000000;-0,135501;-20,219685;-20,132757;-19,689787;-28,171963;-27,713912;-27,917337;-24,810753;-21,706274;-23,807634;-38,848731;-37,993899;-36,799037;-39,857682;-38,368013;-37,372054;-28,168669;-27,718346;-27,908848;-0,120656;-27,894567
357709,000000;-0,136506;-20,091956;-20,004804;-19,574394;-28,181849;-27,680452;-27,857551;-24,855755;-21,726467;-23,785339;-38,789065;-37,942960;-36,769526;-39,847178;-38,321567;-37,322710;-28,179576;-27,684827;-27,849677;-0,121484;-27,834402
359774,000000;-0,137353;-19,967056;-19,880526;-19,461249;-28,280842;-27,738414;-27,810545;-24,882670;-21,734163;-23,744954;-38,778946;-37,938711;-36,787569;-39,909532;-38,343073;-37,285773;-28,279287;-27,742904;-27,803205;-0,122250;-27,786584
361851,000000;-0,138377;-19,843680;-19,758195;-19,351574;-28,388342;-27,851178;-27,757383;-24,893161;-21,730537;-23,686719;-38,784004;-37,943303;-36,816540;-39,978139;-38,399888;-37,246526;-28,386563;-27,855662;-27,750236;-0,123114;-27,732255
363941,000000;-0,139233;-19,722451;-19,637146;-19,245018;-28,415009;-27,919845;-27,683923;-24,887899;-21,716650;-23,610990;-38,753400;-37,910258;-36,805890;-39,979699;-38,419343;-37,191662;-28,412606;-27,924883;-27,677109;-0,123889;-27,658084
366041,000000;-0,139939;-19,604219;-19,518582;-19,141720;-28,355595;-27,896335;-27,592260;-24,866761;-21,693386;-23,518890;-38,674675;-37,832150;-36,745367;-39,911423;-38,371613;-37,118608;-28,353028;-27,901640;-27,585705;-0,124453;-27,565468
368154,000000;-0,140637;-19,490770;-19,406238;-19,042125;-28,249126;-27,806853;-27,490952;-24,828317;-21,660105;-23,409448;-38,568914;-37,729957;-36,654421;-39,808518;-38,279855;-37,035229;-28,246926;-27,812210;-27,484617;-0,125202;-27,463035
370280,000000;-0,141122;-19,382988;-19,301739;-18,946044;-28,127501;-27,687732;-27,388554;-24,768193;-21,614504;-23,280814;-38,458386;-37,623533;-36,552379;-39,700354;-38,173064;-36,948180;-28,125509;-27,693480;-27,381888;-0,125678;-27,358673
372418,000000;-0,142023;-19,283804;-19,207832;-18,853221;-28,007076;-27,562812;-27,290004;-24,683560;-21,553828;-23,131320;-38,357439;-37,525057;-36,450886;-39,601979;-38,070073;-36,862720;-28,004478;-27,570035;-27,282768;-0,126515;-27,258034
374568,000000;-0,142958;-19,196105;-19,127332;-18,762585;-27,889094;-27,441423;-27,195222;-24,575749;-21,475910;-22,959298;-38,268532;-37,436540;-36,351650;-39,513653;-37,976748;-36,779471;-27,885045;-27,449693;-27,187331;-0,127264;-27,160747
376730,000000;-0,143621;-19,123091;-19,061984;-18,673258;-27,767636;-27,321425;-27,099930;-24,451898;-21,382944;-22,765573;-38,184120;-37,352500;-36,251447;-39,424997;-37,888570;-36,695707;-27,761967;-27,330833;-27,091535;-0,127969;-27,063969
378905,000000;-0,144681;-19,064557;-19,010212;-18,585873;-27,640440;-27,198962;-27,001022;-24,317144;-21,280418;-22,552166;-38,094242;-37,266413;-36,149432;-39,328067;-37,798244;-36,610685;-27,633682;-27,208716;-26,992314;-0,129344;-26,963008
381092,000000;-0,145608;-19,012073;-18,963217;-18,500382;-27,509387;-27,072632;-26,898404;-24,170959;-21,170030;-22,318475;-37,993692;-37,174894;-36,048049;-39,219257;-37,701379;-36,526603;-27,502791;-27,082500;-26,889548;-0,130164;-26,858424
383292,000000;-0,146535;-18,953433;-18,907586;-18,418547;-27,377581;-26,944614;-26,796565;-24,009564;-21,050718;-22,064858;-37,881625;-37,076199;-35,952632;-39,099568;-37,596487;-36,448982;-27,372160;-26,954686;-26,787622;-0,130755;-26,753931
385505,000000;-0,147162;-18,881125;-18,835960;-18,340632;-27,245623;-26,816247;-26,697934;-23,831122;-20,920566;-21,789956;-37,761247;-36,970029;-35,864561;-38,972318;-37,485171;-36,380517;-27,241603;-26,826419;-26,689168;-0,131399;-26,652753
387731,000000;-0,147958;-18,795792;-18,749639;-18,264762;-27,113395;-26,687461;-26,601748;-23,633568;-20,777665;-21,492685;-37,635698;-36,858605;-35,782131;-38,841888;-37,369167;-36,318443;-27,111563;-26,698085;-26,593023;-0,132025;-26,552962
389969,000000;-0,148832;-18,702308;-18,652779;-18,188773;-26,982237;-26,559595;-26,504136;-23,416331;-20,620801;-21,173131;-37,508481;-36,743576;-35,701640;-38,712038;-37,251209;-36,257316;-26,982315;-26,570156;-26,495637;-0,132757;-26,452442
392220,000000;-0,149646;-18,604715;-18,550443;-18,111346;-26,853451;-26,433621;-26,402506;-23,178420;-20,449342;-20,830232;-37,382201;-36,627105;-35,620787;-38,586833;-37,134020;-36,193198;-26,855268;-26,444267;-26,393816;-0,133560;-26,348363
394485,000000;-0,150538;-18,506450;-18,445158;-18,033218;-26,728846;-26,311675;-26,296473;-22,919323;-20,262076;-20,464374;-37,262419;-36,513046;-35,540887;-38,471634;-37,022705;-36,125935;-26,731692;-26,322496;-26,287852;-0,134256;-26,240329
396762,000000;-0,151590;-18,408272;-18,337978;-17,955650;-26,607285;-26,194058;-26,185148;-22,639390;-20,058199;-20,076108;-37,151773;-36,404198;-35,462539;-38,368878;-36,919559;-36,055988;-26,611077;-26,205390;-26,176636;-0,135236;-26,127132
399053,000000;-0,152456;-18,309619;-18,228703;-17,878087;-26,481776;-26,074463;-26,065133;-22,338849;-19,837369;-19,666268;-37,041282;-36,295165;-35,381677;-38,267536;-36,819309;-35,981568;-26,486082;-26,086444;-26,056564;-0,136100;-26,006783
401356,000000;-0,153605;-18,209740;-18,118058;-17,798379;-26,346794;-25,945394;-25,936374;-22,018721;-19,599656;-19,238491;-36,919072;-36,176795;-35,293068;-38,154151;-36,709791;-35,901384;-26,351412;-25,958441;-25,927914;-0,137106;-25,878794
403673,000000;-0,154330;-18,107922;-18,005628;-17,713253;-26,202090;-25,806021;-25,804004;-21,679643;-19,345450;-18,796926;-36,786009;-36,046506;-35,193659;-38,027541;-36,586494;-35,816780;-26,206863;-25,820370;-25,795418;-0,138139;-25,749548
406004,000000;-0,155436;-18,004454;-17,892113;-17,621485;-26,051437;-25,659646;-25,673922;-21,323565;-19,075718;-18,350612;-36,650404;-35,910818;-35,084566;-37,895725;-36,454986;-35,732461;-26,055797;-25,674806;-25,666597;-0,139012;-25,627509
408348,000000;-0,156452;-17,900021;-17,779121;-17,523947;-25,896415;-25,508781;-25,550628;-20,953694;-18,792541;-17,910395;-36,519094;-35,775986;-34,969669;-37,763194;-36,321115;-35,655165;-25,899618;-25,524961;-25,545052;-0,140018;-25,519892
410705,000000;-0,157230;-17,797638;-17,670037;-17,422649;-25,738324;-25,355825;-25,436009;-20,573703;-18,500016;-17,492066;-36,397196;-35,648479;-34,853053;-37,634970;-36,191125;-35,591666;-25,739855;-25,372254;-25,434093;-0,140849;-25,433817
413076,000000;-0,158213;-17,701845;-17,571561;-17,319073;-25,581920;-25,204519;-25,330999;-20,190381;-18,205712;-17,115866;-36,290630;-35,538288;-34,739642;-37,517026;-36,073657;-35,549208;-25,578700;-25,219572;-25,335220;-0,141599;-25,376367
415461,000000;-0,159088;-17,620429;-17,494279;-17,213944;-25,437309;-25,061776;-25,235332;-19,811747;-17,920370;-16,806130;-36,211654;-35,462488;-34,636306;-37,424004;-35,984796;-35,531224;-25,424421;-25,072875;-25,249580;-0,142411;-25,351385
417860,000000;-0,159946;-17,563553;-17,450453;-17,107893;-25,327790;-24,944469;-25,151562;-19,448605;-17,659615;-16,590365;-36,183453;-35,448538;-34,557689;-37,385221;-35,950451;-35,540419;-25,297192;-24,945590;-25,181036;-0,143232;-25,361652
420272,000000;-0,160920;-17,535776;-17,437445;-17,001338;-25,289347;-24,881131;-25,084674;-19,109832;-17,440873;-16,490054;-36,234765;-35,520430;-34,526828;-37,439256;-35,995415;-35,574794;-25,227877;-24,863081;-25,135843;-0,144407;-25,401824
422698,000000;-0,161955;-17,527475;-17,431110;-16,893401;-25,346561;-24,900900;-25,041779;-18,798061;-17,276881;-16,513279;-36,378113;-35,676841;-34,562471;-37,600242;-36,122487;-35,625195;-25,236047;-24,846903;-25,119525;-0,145219;-25,456204
425138,000000;-0,163221;-17,516243;-17,405558;-16,784389;-25,463565;-24,995635;-25,026334;-18,509596;-17,173827;-16,649577;-36,584971;-35,879791;-34,650464;-37,814708;-36,293747;-35,674834;-25,284957;-24,881619;-25,131404;-0,146217;-25,499042
427593,000000;-0,164079;-17,474969;-17,340982;-16,674536;-25,562354;-25,108336;-25,039110;-18,235009;-17,129961;-16,869562;-36,789249;-36,064984;-34,747324;-37,983425;-36,434450;-35,707891;-25,303060;-24,911152;-25,160841;-0,147127;-25,508732
430061,000000;-0,165009;-17,388115;-17,233440;-16,564535;-25,601249;-25,185958;-25,075196;-17,961760;-17,138455;-17,128900;-36,940298;-36,192133;-34,823807;-38,061591;-36,500497;-35,717912;-25,266255;-24,898701;-25,192430;-0,148002;-25,476805
432544,000000;-0,166018;-17,264955;-17,097937;-16,454581;-25,583374;-25,212098;-25,119525;-17,680671;-17,192542;-17,376098;-37,030785;-36,263415;-34,873825;-38,079189;-36,514616;-35,708792;-25,201073;-24,855436;-25,207366;-0,148982;-25,406792
435041,000000;-0,167081;-17,123971;-16,951970;-16,344633;-25,519548;-25,187710;-25,148639;-17,404398;-17,299765;-17,568146;-37,070865;-36,291197;-34,896480;-38,088036;-36,520491;-35,689258;-25,141995;-24,809393;-25,191246;-0,149822;-25,306483
437553,000000;-0,167966;-16,980637;-16,808055;-16,233075;-25,418438;-25,118790;-25,143032;-17,176148;-17,495646;-17,692117;-37,068696;-36,281908;-34,891993;-38,122605;-36,546541;-35,667236;-25,109040;-24,778893;-25,139421;-0,150847;-25,184286
440079,000000;-0,169108;-16,850200;-16,678268;-16,118487;-25,292190;-25,014892;-25,094022;-17,060085;-17,836889;-17,779322;-37,028687;-36,240453;-34,866078;-38,191805;-36,597114;-35,644532;-25,106037;-24,765637;-25,053737;-0,151872;-25,045799
442619,000000;-0,170038;-16,753193;-16,579931;-16,001278;-25,157789;-24,893283;-24,999526;-17,114183;-18,378601;-17,893884;-36,952582;-36,170756;-34,827350;-38,275509;-36,653122;-35,616381;-25,121656;-24,758649;-24,937014;-0,152942;-24,891590
445174,000000;-0,171075;-16,722467;-16,544557;-15,884224;-25,045069;-24,781001;-24,864419;-17,364741;-19,147938;-18,101079;-36,836793;-36,075536;-34,791846;-38,331524;-36,683959;-35,577038;-25,149771;-24,753092;-24,792335;-0,153835;-24,722175
447744,000000;-0,172324;-16,803425;-16,613566;-15,773263;-25,001967;-24,722145;-24,699152;-17,790900;-20,127141;-18,439931;-36,671397;-35,953286;-34,784552;-38,313409;-36,663823;-35,525047;-25,214615;-24,774512;-24,627238;-0,154808;-24,542261
450329,000000;-0,173228;-17,025542;-16,809799;-15,681013;-25,088824;-24,777673;-24,518293;-18,334966;-21,268901;-18,919389;-36,447539;-35,793148;-34,834535;-38,188068;-36,575654;-35,461715;-25,375367;-24,881650;-24,454030;-0,155816;-24,361060
452929,000000;-0,174255;-17,344435;-17,097875;-15,629395;-25,337901;-24,993644;-24,341351;-18,938124;-22,537333;-19,542199;-36,178585;-35,582469;-34,949007;-37,962310;-36,412584;-35,385658;-25,671118;-25,124131;-24,289673;-0,156850;-24,194663
455544,000000;-0,175541;-17,632192;-17,385607;-15,657273;-25,685965;-25,331047;-24,206637;-19,563732;-23,912835;-20,322911;-35,920098;-35,349226;-35,061613;-37,696180;-36,199252;-35,288320;-26,036301;-25,462686;-24,169935;-0,157974;-24,077315
458174,000000;-0,176702;-17,782283;-17,575765;-15,819624;-25,990962;-25,644960;-24,185911;-20,184834;-25,343411;-21,257459;-35,744426;-35,173953;-35,032343;-37,468736;-36,003087;-35,153993;-26,319169;-25,753725;-24,162834;-0,158894;-24,077218
460819,000000;-0,177766;-17,793055;-17,641985;-16,156236;-26,156039;-25,808174;-24,371542;-20,777152;-26,744051;-22,290163;-35,697881;-35,120002;-34,769556;-37,325135;-35,882115;-34,965970;-26,428157;-25,884230;-24,358406;-0,160000;-24,281991
463479,000000;-0,178847;-17,718527;-17,615410;-16,604807;-26,181024;-25,810174;-24,774602;-21,326074;-28,046952;-23,320747;-35,760885;-35,167577;-34,358484;-37,258427;-35,828700;-34,731540;-26,383702;-25,858685;-24,767411;-0,161043;-24,701496
466155,000000;-0,179956;-17,598661;-17,522314;-16,976649;-26,111582;-25,705511;-25,225990;-21,828294;-29,224932;-24,245209;-35,848174;-35,228390;-33,981398;-37,228326;-35,790686;-34,504608;-26,249991;-25,738324;-25,221790;-0,162097;-25,166932
468846,000000;-0,181046;-17,455635;-17,391781;-17,122350;-25,990443;-25,550151;-25,518826;-22,284625;-30,286026;-24,992301;-35,891744;-35,248723;-33,724933;-37,202607;-35,743787;-34,337640;-26,078291;-25,577132;-25,515089;-0,163265;-25,471749
471553,000000;-0,182031;-17,314163;-17,257604;-17,062005;-25,842961;-25,377996;-25,607193;-22,699924;-31,253869;-25,540728;-35,895859;-35,240735;-33,565050;-37,178032;-35,698675;-34,233226;-25,893949;-25,404041;-25,603153;-0,164336;-25,569855
474275,000000;-0,183211;-17,185943;-17,126467;-16,891882;-25,675825;-25,199808;-25,557889;-23,079632;-32,150246;-25,908806;-35,874441;-35,213259;-33,451391;-37,145517;-35,652848;-34,165388;-25,700955;-25,225641;-25,553131;-0,165212;-25,529179
477013,000000;-0,184497;-17,061756;-16,983582;-16,684374;-25,490016;-25,016208;-25,439632;-23,426918;-32,992946;-26,131899;-35,820054;-35,151258;-33,352726;-37,085633;-35,583304;-34,111116;-25,500793;-25,040180;-25,434028;-0,166514;-25,417142
479767,000000;-0,185801;-16,932546;-16,826419;-16,473833;-25,294459;-24,829104;-25,289235;-23,741853;-33,788555;-26,247245;-35,731451;-35,052026;-33,255529;-36,996788;-35,483480;-34,057051;-25,298247;-24,849908;-25,283265;-0,167372;-25,270540
482537,000000;-0,186893;-16,806912;-16,667372;-16,273760;-25,097739;-24,642803;-25,123347;-24,024364;-34,535297;-26,285882;-35,625353;-34,931932;-33,157510;-36,894859;-35,367601;-33,997659;-25,099238;-24,660492;-25,116551;-0,168417;-25,106616
485322,000000;-0,188215;-16,697489;-16,519560;-16,088482;-24,906338;-24,461809;-24,951732;-24,275395;-35,225533;-26,267418;-35,523905;-34,809126;-33,059765;-36,798737;-35,251085;-33,933443;-24,907239;-24,476383;-24,944209;-0,169551;-24,936001
488124,000000;-0,189431;-16,602986;-16,392894;-15,918957;-24,725108;-24,289887;-24,783050;-24,494565;-35,848874;-26,203385;-35,435279;-34,700292;-32,966045;-36,717703;-35,147830;-33,868583;-24,727009;-24,301794;-24,775144;-0,170818;-24,767336
490942,000000;-0,190515;-16,509442;-16,293407;-15,763392;-24,565121;-24,134406;-24,623687;-24,681282;-36,386531;-26,098443;-35,354922;-34,620723;-32,884535;-36,653772;-35,070718;-33,808078;-24,567942;-24,143821;-24,615113;-0,171952;-24,607846
493776,000000;-0,192184;-16,403624;-16,214911;-15,620577;-24,447216;-24,008420;-24,478884;-24,831725;-36,817864;-25,955664;-35,278883;-34,578742;-32,828664;-36,615860;-35,029893;-33,755903;-24,450956;-24,016416;-24,470131;-0,173440;-24,462244
496627,000000;-0,193418;-16,280379;-16,132054;-15,486734;-24,393654;-23,930693;-24,346922;-24,941032;-37,115118;-25,777409;-35,212359;-34,566467;-32,809893;-36,619038;-35,026070;-33,711784;-24,397155;-23,938755;-24,338244;-0,174743;-24,329675
499494,000000;-0,194626;-16,143914;-16,024935;-15,358536;-24,392401;-23,905003;-24,220987;-25,012263;-37,249120;-25,565172;-35,157076;-34,560939;-32,820946;-36,654008;-35,047752;-33,671157;-24,393654;-23,914471;-24,212603;-0,175762;-24,203523
502378,000000;-0,195772;-16,000840;-15,895858;-15,233707;-24,386858;-23,898360;-24,092384;-25,056193;-37,210100;-25,318845;-35,097449;-34,535899;-32,829083;-36,675129;-35,065697;-33,626215;-24,383691;-23,908135;-24,085110;-0,176994;-24,075676
505278,000000;-0,197212;-15,855717;-15,756461;-15,110104;-24,345490;-23,869224;-23,957421;-25,079372;-37,008721;-25,036410;-35,019900;-34,482675;-32,812095;-36,662580;-35,055367;-33,571719;-24,338645;-23,878070;-23,951299;-0,178200;-23,942187
508195,000000;-0,198438;-15,711018;-15,615017;-14,986770;-24,272540;-23,807069;-23,816418;-25,079715;-36,657790;-24,718795;-34,923551;-34,408623;-32,768238;-36,621922;-35,016375;-33,506081;-24,263439;-23,814397;-23,810893;-0,179158;-23,801927
511128,000000;-0,199931;-15,568794;-15,475118;-14,863626;-24,165668;-23,713423;-23,671276;-25,055152;-36,166230;-24,367305;-34,807215;-34,313462;-32,696270;-36,546541;-34,948910;-33,430818;-24,155123;-23,718459;-23,666452;-0,180585;-23,657516
514079,000000;-0,201149;-15,430093;-15,337843;-14,740495;-24,025951;-23,588379;-23,526069;-25,003898;-35,551342;-23,985439;-34,672308;-34,197437;-32,597809;-36,436928;-34,851325;-33,349696;-24,014582;-23,591018;-23,521403;-0,181969;-23,513304
517047,000000;-0,202109;-15,298273;-15,203503;-14,618244;-23,866309;-23,442448;-23,386931;-24,924296;-34,831756;-23,576557;-34,530761;-34,069373;-32,482889;-36,309181;-34,732914;-33,268884;-23,854781;-23,442203;-23,381840;-0,183042;-23,374305
520032,000000;-0,203460;-15,180932;-15,071752;-14,497137;-23,700034;-23,287812;-23,258009;-24,815409;-34,028439;-23,146068;-34,400368;-33,941222;-32,362651;-36,184573;-34,608340;-33,193418;-23,688352;-23,285225;-23,252600;-0,184107;-23,245290
523034,000000;-0,204945;-15,090437;-14,947696;-14,378286;-23,532707;-23,132280;-23,142550;-24,674882;-33,157194;-22,701915;-34,302095;-33,822611;-32,241993;-36,082449;-34,488798;-33,127181;-23,521742;-23,126825;-23,136192;-0,185615;-23,129290
526054,000000;-0,206377;-15,043185;-14,839712;-14,261444;-23,367646;-22,978700;-23,042824;-24,500906;-32,229096;-22,255083;-34,259964;-33,726578;-32,123689;-36,025209;-34,386430;-33,072001;-23,357707;-22,970601;-23,035528;-0,186813;-23,028927
529091,000000;-0,207632;-15,038278;-14,766656;-14,145798;-23,209208;-22,829569;-22,959273;-24,289218;-31,251109;-21,821468;-34,280981;-33,675685;-32,010714;-36,023121;-34,321905;-33,027867;-23,201230;-22,819673;-22,950803;-0,187967;-22,944071
532145,000000;-0,209099;-15,033324;-14,744573;-14,031061;-23,065899;-22,690553;-22,885717;-24,033010;-30,228112;-21,421836;-34,319376;-33,693107;-31,909004;-36,048710;-34,319556;-32,989496;-23,059461;-22,679927;-22,875793;-0,189307;-22,868588
535217,000000;-0,210692;-14,980384;-14,754111;-13,917172;-22,948583;-22,570830;-22,809873;-23,722685;-29,160956;-21,083078;-34,315402;-33,766448;-31,825706;-36,062168;-34,374604;-32,948170;-22,943741;-22,560618;-22,798345;-0,190861;-22,790066
538307,000000;-0,212098;-14,875751;-14,737082;-13,805055;-22,852397;-22,473761;-22,717768;-23,348647;-28,043750;-20,833846;-34,254180;-33,828968;-31,759160;-36,046892;-34,436639;-32,895645;-22,848622;-22,465866;-22,705555;-0,192024;-22,695823
541415,000000;-0,213585;-14,741206;-14,663141;-13,694662;-22,750169;-22,382711;-22,604139;-22,907953;-26,877269;-20,702678;-34,148278;-33,824061;-31,691952;-35,994320;-34,452767;-32,830719;-22,747308;-22,377993;-22,591957;-0,193329;-22,581124
544540,000000;-0,214876;-14,595510;-14,544145;-13,587521;-22,623715;-22,272668;-22,474350;-22,405058;-25,682021;-20,713299;-34,009767;-33,752221;-31,610567;-35,905177;-34,407848;-32,758611;-22,622928;-22,269982;-22,461886;-0,194679;-22,451156
547684,000000;-0,215926;-14,448503;-14,402419;-13,482301;-22,473599;-22,137265;-22,337314;-21,849172;-24,490791;-20,878323;-33,855002;-33,640362;-31,513869;-35,792988;-34,318969;-32,684701;-22,476568;-22,136687;-22,324626;-0,195408;-22,314211
550846,000000;-0,217387;-14,310393;-14,257497;-13,378584;-22,306346;-21,983899;-22,200751;-21,265444;-23,342991;-21,202100;-33,701683;-33,512087;-31,405891;-35,673779;-34,208667;-32,613604;-22,313906;-21,985199;-22,187489;-0,196723;-22,177718
554026,000000;-0,218937;-14,190181;-14,119631;-13,275169;-22,126373;-21,818608;-22,066522;-20,688930;-22,282388;-21,674712;-33,564760;-33,382881;-31,289738;-35,562331;-34,093013;-32,544889;-22,137542;-21,821361;-22,052242;-0,198127;-22,042435
557225,000000;-0,220398;-14,094025;-14,001011;-13,169529;-21,938559;-21,645490;-21,932535;-20,159248;-21,347907;-22,275365;-33,453434;-33,266284;-31,167763;-35,471095;-33,985265;-32,476311;-21,952370;-21,650405;-21,917249;-0,199709;-21,906933
560442,000000;-0,222001;-14,015434;-13,907604;-13,061836;-21,746633;-21,468614;-21,794963;-19,714295;-20,566905;-22,971311;-33,359962;-33,171349;-31,041560;-35,398893;-33,895166;-32,403705;-21,761866;-21,475950;-21,779012;-0,201309;-21,768006
563677,000000;-0,223481;-13,934480;-13,826876;-12,949828;-21,554503;-21,289603;-21,651266;-19,382098;-19,952358;-23,709442;-33,259245;-33,091427;-30,917500;-35,331802;-33,819412;-32,326744;-21,571380;-21,299735;-21,635660;-0,202571;-21,623924
566931,000000;-0,224826;-13,849095;-13,740932;-12,836352;-21,374271;-21,116449;-21,502779;-19,179572;-19,502901;-24,401089;-33,147284;-33,014372;-30,808412;-35,275202;-33,752517;-32,249000;-21,392391;-21,129061;-21,488612;-0,204029;-21,476404
570204,000000;-0,226360;-13,789235;-13,657336;-12,722160;-21,228385;-20,966422;-21,354128;-19,109675;-19,203234;-24,930699;-33,064924;-32,956582;-30,735074;-35,274043;-33,715533;-32,175897;-21,246524;-20,982630;-21,342877;-0,205461;-21,329941
573496,000000;-0,227894;-13,801651;-13,604475;-12,608002;-21,132821;-20,862624;-21,207928;-19,156132;-19,024174;-25,207256;-33,084921;-32,957431;-30,710805;-35,388416;-33,754379;-32,111702;-21,150999;-20,882898;-21,200305;-0,206795;-21,186802
576807,000000;-0,229490;-13,930333;-13,630010;-12,493972;-21,053493;-20,797884;-21,061429;-19,295329;-18,928598;-25,215106;-33,272767;-33,045674;-30,704607;-35,632074;-33,894349;-32,055909;-21,071407;-20,821062;-21,057553;-0,208299;-21,044466
580137,000000;-0,231068;-14,153638;-13,745623;-12,382250;-20,920769;-20,708915;-20,909226;-19,505526;-18,889757;-25,014273;-33,587230;-33,215981;-30,654233;-35,931074;-34,100056;-32,002858;-20,938856;-20,732726;-20,908474;-0,210069;-20,896976
583486,000000;-0,232835;-14,361479;-13,900888;-12,272697;-20,713808;-20,545153;-20,744755;-19,768422;-18,893045;-24,706810;-33,860997;-33,407731;-30,544374;-36,165336;-34,291420;-31,944768;-20,732158;-20,567656;-20,746289;-0,211671;-20,736053
586854,000000;-0,234289;-14,472602;-14,009898;-12,169654;-20,464346;-20,319397;-20,561825;-20,060429;-18,925834;-24,385994;-33,967856;-33,526915;-30,411604;-36,260422;-34,398317;-31,876455;-20,483095;-20,340482;-20,564467;-0,213122;-20,555610
590242,000000;-0,235824;-14,519615;-14,056437;-12,074653;-20,222438;-20,074916;-20,358132;-20,358069;-18,974865;-24,101126;-33,920320;-33,537475;-30,298894;-36,236510;-34,409125;-31,797993;-20,240824;-20,095328;-20,362016;-0,214724;-20,353679
593649,000000;-0,237796;-14,584514;-14,095389;-11,993317;-20,058173;-19,869225;-20,137212;-20,642575;-19,028756;-23,865997;-33,787578;-33,467795;-30,250671;-36,150714;-34,358530;-31,712970;-20,076257;-19,889269;-20,141916;-0,216265;-20,134001
597077,000000;-0,239573;-14,739736;-14,204476;-11,926748;-20,088235;-19,791711;-19,904548;-20,898017;-19,076811;-23,671873;-33,612756;-33,340612;-30,321382;-36,036705;-34,276172;-31,623670;-20,105336;-19,812257;-19,909875;-0,217921;-19,902056
600524,000000;-0,241234;-15,017893;-14,425340;-11,878774;-20,474064;-19,986634;-19,666602;-21,112469;-19,110537;-23,505199;-33,401309;-33,144127;-30,568211;-35,903388;-34,171602;-31,530626;-20,491015;-20,008447;-19,672372;-0,219453;-19,664680
603991,000000;-0,243011;-15,378768;-14,765277;-11,853508;-21,307193;-20,604378;-19,428819;-21,276222;-19,120893;-23,351214;-33,156404;-32,857815;-30,984644;-35,750655;-34,042909;-31,427943;-21,326611;-20,628249;-19,435491;-0,220763;-19,427518
607478,000000;-0,245031;-15,677210;-15,138048;-11,865927;-22,400212;-21,611063;-19,204106;-21,381142;-19,099019;-23,197025;-32,917639;-32,536020;-31,390565;-35,581476;-33,890737;-31,307632;-22,423752;-21,637044;-19,211639;-0,222999;-19,203789
610985,000000;-0,246764;-15,759979;-15,346735;-11,944150;-23,317527;-22,640945;-19,037770;-21,426349;-19,036526;-23,031279;-32,747222;-32,292951;-31,467856;-35,404316;-33,724975;-31,167134;-23,344663;-22,667921;-19,045782;-0,224613;-19,038159
614512,000000;-0,248381;-15,615542;-15,316947;-12,129163;-23,769720;-23,277253;-19,042514;-21,421028;-18,934435;-22,850202;-32,701554;-32,179709;-31,071991;-35,231400;-33,557558;-31,012376;-23,798900;-23,303311;-19,051543;-0,226110;-19,043604
618059,000000;-0,250169;-15,346124;-15,114309;-12,445026;-23,800205;-23,430360;-19,399994;-21,376519;-18,799271;-22,654363;-32,817868;-32,186772;-30,355910;-35,066779;-33,391075;-30,850689;-23,829556;-23,454114;-19,409646;-0,227715;-19,401454
621627,000000;-0,251788;-15,040044;-14,841295;-12,837037;-23,585543;-23,258211;-20,235610;-21,303559;-18,638436;-22,445837;-33,046376;-32,261499;-29,601629;-34,905124;-33,216698;-30,686188;-23,613610;-23,279129;-20,246746;-0,229204;-20,237270
625216,000000;-0,253612;-14,738172;-14,553094;-13,127417;-23,262041;-22,928384;-21,362283;-21,214449;-18,460859;-22,227425;-33,208428;-32,301970;-29,017163;-34,737651;-33,026972;-30,523110;-23,286061;-22,945851;-21,375746;-0,230961;-21,364834
628825,000000;-0,255356;-14,450612;-14,270916;-13,137029;-22,899096;-22,542663;-22,290503;-21,121023;-18,277646;-22,002245;-33,163201;-32,235879;-28,668587;-34,559499;-32,824177;-30,366218;-22,918144;-22,555907;-22,306403;-0,232915;-22,294789
632456,000000;-0,257252;-14,181731;-14,003711;-12,878680;-22,528252;-22,149126;-22,705282;-21,034695;-18,100241;-21,775910;-32,944313;-32,079642;-28,381797;-34,369333;-32,616277;-30,216952;-22,541429;-22,158576;-22,722128;-0,234735;-22,711273
636107,000000;-0,259024;-13,932881;-13,755480;-12,493642;-22,161984;-21,766793;-22,686304;-20,964568;-17,938780;-21,556134;-32,646770;-31,879830;-28,131532;-34,169915;-32,408234;-30,072589;-22,170076;-21,772937;-22,702318;-0,236556;-22,692767
639779,000000;-0,260957;-13,704838;-13,526009;-12,093228;-21,805831;-21,402654;-22,442706;-20,916212;-17,801278;-21,349875;-32,332814;-31,667556;-27,884485;-33,967552;-32,203358;-29,928326;-21,810185;-21,406330;-22,455949;-0,238127;-22,447702
643473,000000;-0,262560;-13,496997;-13,315309;-11,723614;-21,465035;-21,061252;-22,114299;-20,890200;-17,691584;-21,161874;-32,030332;-31,457909;-27,632657;-33,772086;-32,007529;-29,782026;-21,466609;-21,063334;-22,124964;-0,239805;-22,117613
647188,000000;-0,264297;-13,310282;-13,124937;-11,396305;-21,144902;-20,747349;-21,770168;-20,884524;-17,610989;-20,994349;-31,755158;-31,264252;-27,383188;-33,596991;-31,829807;-29,636409;-21,145616;-20,748220;-21,778052;-0,241663;-21,770860
650924,000000;-0,266482;-13,145153;-12,957778;-11,110610;-20,852922;-20,465345;-21,440988;-20,893443;-17,556469;-20,846284;-31,516223;-31,100004;-27,147604;-33,455724;-31,683179;-29,498274;-20,854599;-20,466087;-21,446373;-0,243744;-21,438753
654681,000000;-0,268443;-12,999112;-12,812398;-10,861116;-20,599472;-20,222002;-21,139820;-20,909496;-17,522119;-20,713073;-31,315938;-30,975143;-26,940673;-33,360325;-31,577831;-29,373616;-20,602767;-20,222697;-21,143198;-0,245370;-21,135107
658461,000000;-0,270379;-12,863236;-12,680923;-10,638875;-20,401924;-20,029861;-20,871934;-20,923164;-17,501247;-20,587986;-31,149213;-30,895274;-26,776681;-33,321830;-31,523225;-29,263807;-20,405928;-20,030341;-20,873778;-0,247184;-20,864649
662262,000000;-0,272099;-12,727384;-12,551334;-10,429420;-20,274842;-19,902743;-20,632069;-20,924893;-17,485041;-20,464282;-31,007501;-30,858508;-26,661220;-33,347394;-31,527481;-29,208818;-20,277434;-19,903688;-20,632546;-0,248989;-20,622061
666086,000000;-0,273955;-12,585409;-12,414941;-10,219375;-20,195603;-19,832256;-20,401888;-20,909410;-17,466465;-20,334973;-30,878786;-30,842181;-26,562812;-33,409358;-31,578753;-29,097942;-20,194200;-19,834982;-20,400460;-0,250652;-20,388744
669931,000000;-0,275990;-12,439423;-12,268950;-10,003867;-20,096224;-19,762335;-20,163937;-20,879264;-17,447475;-20,197735;-30,739529;-30,804794;-26,415059;-33,438445;-31,623140;-28,965220;-20,089665;-19,766815;-20,160486;-0,252619;-20,148152
673799,000000;-0,278339;-12,295026;-12,121164;-9,786312;-19,941395;-19,639478;-19,922607;-20,838053;-17,432661;-20,052622;-30,572376;-30,725125;-26,185856;-33,398059;-31,608550;-28,814415;-19,930100;-19,645230;-19,917873;-0,254864;-19,903774
677688,000000;-0,280375;-12,155349;-11,973092;-9,569994;-19,749160;-19,467701;-19,692889;-20,781694;-17,420196;-19,896819;-30,387129;-30,616879;-25,896912;-33,311006;-31,539705;-28,660744;-19,735164;-19,474075;-19,687106;-0,256761;-19,671452
681601,000000;-0,282448;-12,023637;-11,826553;-9,357351;-19,544589;-19,274850;-19,483728;-20,705071;-17,404849;-19,725144;-30,201533;-30,498320;-25,576669;-33,206957;-31,443464;-28,513054;-19,529518;-19,281804;-19,477509;-0,258729;-19,459698
685536,000000;-0,284575;-11,898710;-11,687481;-9,148296;-19,336593;-19,077357;-19,290925;-20,602460;-17,381751;-19,532563;-30,018031;-30,374703;-25,241206;-33,096565;-31,335872;-28,369768;-19,322281;-19,084859;-19,284444;-0,260689;-19,265028
689493,000000;-0,286882;-11,779026;-11,558747;-8,944032;-19,127096;-18,879750;-19,103249;-20,470708;-17,347507;-19,314813;-29,825878;-30,242928;-24,897358;-32,979427;-31,221688;-28,223321;-19,113674;-18,888000;-19,096906;-0,262998;-19,077201
693474,000000;-0,289037;-11,658541;-11,438763;-8,745937;-18,916169;-18,681985;-18,911186;-20,306682;-17,299256;-19,071424;-29,614521;-30,103889;-24,551879;-32,854723;-31,102997;-28,068388;-18,902915;-18,690422;-18,905288;-0,265049;-18,887083
697477,000000;-0,290788;-11,534689;-11,322780;-8,557095;-18,705151;-18,483661;-18,713836;-20,109064;-17,236474;-18,804416;-29,386736;-29,963484;-24,216596;-32,728625;-30,985259;-27,908200;-18,691842;-18,491689;-18,708669;-0,266679;-18,695279
701504,000000;-0,292764;-11,409735;-11,206369;-8,383096;-18,497386;-18,287340;-18,517501;-19,879070;-17,161979;-18,521822;-29,156567;-29,830833;-23,908148;-32,609783;-30,874441;-27,754986;-18,483369;-18,294331;-18,514279;-0,268667;-18,510108
705554,000000;-0,295100;-11,285692;-11,091590;-8,228762;-18,293332;-18,095427;-18,329374;-19,619503;-17,081225;-18,236285;-28,937104;-29,706496;-23,643195;-32,499574;-30,770720;-27,621349;-18,277504;-18,099753;-18,329589;-0,270934;-18,340274
709627,000000;-0,297329;-11,164244;-10,964578;-8,096957;-18,094520;-17,909644;-18,154432;-19,335306;-17,003244;-17,968082;-28,736195;-29,590513;-23,436692;-32,396209;-30,672020;-27,515410;-18,071603;-17,907663;-18,160263;-0,273112;-18,194275
713723,000000;-0,299693;-11,046453;-10,867639;-7,988906;-17,904455;-17,732499;-17,995967;-19,035127;-16,942863;-17,744684;-28,603279;-29,487263;-23,307123;-32,302041;-30,580653;-27,442365;-17,866325;-17,719663;-18,009149;-0,275461;-18,075848
717844,000000;-0,301797;-10,933358;-10,730203;-7,898426;-17,730425;-17,571364;-17,853697;-18,728004;-16,918949;-17,599451;-28,448440;-29,407364;-23,268176;-32,226327;-30,506236;-27,398748;-17,669174;-17,540356;-17,877339;-0,277505;-17,982737
721988,000000;-0,304037;-10,824344;-10,617468;-7,803631;-17,583127;-17,437316;-17,729221;-18,423399;-16,952765;-17,564537;-28,328839;-29,365390;-23,307034;-32,183805;-30,464063;-27,366357;-17,491350;-17,378860;-17,764403;-0,279568;-17,905547
726156,000000;-0,306196;-10,718589;-10,513285;-7,679716;-17,460432;-17,334205;-17,623929;-18,125194;-17,061075;-17,658288;-28,266971;-29,362148;-23,395183;-32,172404;-30,458212;-27,313397;-17,332800;-17,238243;-17,667912;-0,281640;-17,828497
730349,000000;-0,308221;-10,615138;-10,411315;-7,524040;-17,337145;-17,242541;-17,538197;-17,830594;-17,250386;-17,871218;-28,277597;-29,375711;-23,540419;-32,165529;-30,464932;-27,218920;-17,178785;-17,103785;-17,582601;-0,283579;-17,736381
734565,000000;-0,310696;-10,513606;-10,309078;-7,362261;-17,197133;-17,139017;-17,471917;-17,540552;-17,522967;-18,164903;-28,354186;-29,389501;-23,823038;-32,158730;-30,467280;-27,093284;-17,027762;-16,965679;-17,504831;-0,285724;-17,627960
738806,000000;-0,313316;-10,414974;-10,206735;-7,230495;-17,040356;-17,017651;-17,417680;-17,273772;-17,892317;-18,485996;-28,480480;-29,406260;-24,347165;-32,183064;-30,483846;-26,966920;-16,893583;-16,834318;-17,429107;-0,288229;-17,508090
743071,000000;-0,315531;-10,323092;-10,107976;-7,166017;-16,870410;-16,879684;-17,357177;-17,076695;-18,401043;-18,801465;-28,616479;-29,437279;-25,179648;-32,275409;-30,546392;-26,878554;-16,786668;-16,722050;-17,344692;-0,290707;-17,375906
747361,000000;-0,318126;-10,238720;-10,016159;-7,203679;-16,697548;-16,731822;-17,264701;-17,015741;-19,115636;-19,132204;-28,668893;-29,491407;-26,339996;-32,453256;-30,679502;-26,867592;-16,710326;-16,633292;-17,233567;-0,293007;-17,220627
751675,000000;-0,320469;-10,153594;-9,925520;-7,358916;-16,539890;-16,589016;-17,117611;-17,141267;-20,090534;-19,544094;-28,557886;-29,550698;-27,791546;-32,684701;-30,871161;-26,958924;-16,660570;-16,565998;-17,078494;-0,295280;-17,030724
756014,000000;-0,322993;-10,055794;-9,824478;-7,628851;-16,405001;-16,464173;-16,914260;-17,463869;-21,338924;-20,114405;-28,362463;-29,563201;-29,407826;-32,893729;-31,062735;-27,153856;-16,612566;-16,507873;-16,877683;-0,297473;-16,808476
760379,000000;-0,325454;-9,945178;-9,706894;-8,007316;-16,271667;-16,341612;-16,673174;-17,951875;-22,824349;-20,887582;-28,255167;-29,502215;-30,962737;-33,013012;-31,182762;-27,451126;-16,513802;-16,420806;-16,646034;-0,299720;-16,571439
764769,000000;-0,327925;-9,827036;-9,577317;-8,466218;-16,114266;-16,188940;-16,420921;-18,542875;-24,472907;-21,842093;-28,329133;-29,386454;-32,231901;-33,029308;-31,203182;-27,849505;-16,338249;-16,269179;-16,403796;-0,302238;-16,337110
769184,000000;-0,330262;-9,707106;-9,443021;-8,945930;-15,920804;-15,993060;-16,173719;-19,169462;-26,201788;-22,878963;-28,596920;-29,232875;-33,097625;-32,972462;-31,143947;-28,310503;-16,100505;-16,058195;-16,163884;-0,304595;-16,111489
773625,000000;-0,332951;-9,589255;-9,308817;-9,378677;-15,691955;-15,760139;-15,934555;-19,785946;-27,962167;-23,860943;-29,056300;-29,050561;-33,561655;-32,876155;-31,041002;-28,762666;-15,824134;-15,809914;-15,928301;-0,307051;-15,891040
778091,000000;-0,335433;-9,474662;-9,177480;-9,733171;-15,433892;-15,502660;-15,700687;-20,366454;-29,742311;-24,677679;-29,707983;-28,847282;-33,732907;-32,764499;-30,918721;-29,152207;-15,526085;-15,541771;-15,695870;-0,309472;-15,670718
782582,000000;-0,337907;-9,365238;-9,052162;-10,055158;-15,156131;-15,232152;-15,473416;-20,897525;-31,539049;-25,281542;-30,520806;-28,633196;-33,788853;-32,654261;-30,793592;-29,505355;-15,218767;-15,265225;-15,469445;-0,311893;-15,453066
787101,000000;-0,340382;-9,260856;-8,929014;-10,411258;-14,872526;-14,959989;-15,258027;-21,371321;-33,319454;-25,681403;-31,394047;-28,419244;-33,866440;-32,561436;-30,678492;-29,889024;-14,912810;-14,988868;-15,253550;-0,314270;-15,243196
791644,000000;-0,343174;-9,162826;-8,838459;-10,788899;-14,598494;-14,698075;-15,052615;-21,780909;-34,963392;-25,910383;-32,202969;-28,248766;-33,968766;-32,504081;-30,587204;-30,298127;-14,620582;-14,723919;-15,047506;-0,317000;-15,041172
796215,000000;-0,345903;-9,070899;-8,701828;-11,117511;-14,338546;-14,453318;-14,843550;-22,120905;-36,206882;-26,001165;-32,957431;-28,009784;-33,969677;-32,486691;-30,529472;-30,670893;-14,343979;-14,476832;-14,837986;-0,319459;-14,834008
800811,000000;-0,348489;-8,986727;-8,595098;-11,321661;-14,065205;-14,211343;-14,613712;-22,391263;-36,698795;-25,980546;-33,794080;-27,727285;-33,757215;-32,473901;-30,491109;-30,947468;-14,056131;-14,232332;-14,608294;-0,322109;-14,606193
805434,000000;-0,351092;-8,913973;-8,500957;-11,344942;-13,743426;-13,940833;-14,356217;-22,594942;-36,299191;-25,862011;-34,726900;-27,425010;-33,376882;-32,431061;-30,438516;-31,078706;-13,730164;-13,957496;-14,350730;-0,324417;-14,349144
810084,000000;-0,354150;-8,856740;-8,420160;-11,185123;-13,375991;-13,632722;-14,075123;-22,731246;-35,243950;-25,654381;-35,602392;-27,144005;-32,953918;-32,368205;-30,363640;-31,052900;-13,371049;-13,645208;-14,069592;-0,327330;-14,068407
814761,000000;-0,356693;-8,814391;-8,331875;-10,905480;-12,984073;-13,302082;-13,780274;-22,798693;-33,872700;-25,361700;-36,213788;-26,904095;-32,582784;-32,313003;-30,282336;-30,914814;-12,993256;-13,310523;-13,773868;-0,329748;-13,772722
819465,000000;-0,359544;-8,784991;-8,268187;-10,588762;-12,590996;-12,966547;-13,475250;-22,795169;-32,409249;-24,990249;-36,458509;-26,700696;-32,291772;-32,287267;-30,210674;-30,727873;-12,611786;-12,970606;-13,468409;-0,332509;-13,466320
824195,000000;-0,362405;-8,758285;-8,214662;-10,288382;-12,218912;-12,642562;-13,154785;-22,717780;-30,946059;-24,541939;-36,474064;-26,494279;-32,024158;-32,305443;-30,168760;-30,532830;-12,246367;-12,643716;-13,147244;-0,335171;-13,143930
828953,000000;-0,364959;-8,721128;-8,161286;-10,010272;-11,874171;-12,346047;-12,804922;-22,564199;-29,512078;-24,023038;-36,589427;-26,221197;-31,681545;-32,362399;-30,167584;-30,331934;-11,905241;-12,345723;-12,797300;-0,337717;-12,792411
833739,000000;-0,367705;-8,666631;-8,100884;-9,738659;-11,512889;-12,064440;-12,415159;-22,341101;-28,102673;-23,439725;-36,973339;-25,883221;-31,249682;-32,407110;-30,186759;-30,113679;-11,544331;-12,063255;-12,407835;-0,340373;-12,402292
838552,000000;-0,370705;-8,599959;-8,032136;-9,467245;-11,075627;-11,740681;-11,993213;-22,061499;-26,717827;-22,798716;-37,353141;-25,635000;-30,811336;-32,386551;-30,176942;-29,879971;-11,101375;-11,736923;-11,986374;-0,343192;-11,979990
843393,000000;-0,373687;-8,535511;-7,970121;-9,206938;-10,558393;-11,337570;-11,555198;-21,731289;-25,365824;-22,108806;-37,398538;-25,645725;-30,422122;-32,317808;-30,117715;-29,648719;-10,575575;-11,330428;-11,548040;-0,345993;-11,542034
848262,000000;-0,376925;-8,486823;-7,908007;-8,977932;-9,989068;-10,871101;-11,107271;-21,351093;-24,049608;-21,383056;-37,132521;-26,007772;-30,101943;-32,256049;-30,039195;-29,440214;-9,996643;-10,861480;-11,099879;-0,348940;-11,094238
853160,000000;-0,379910;-8,459498;-7,817934;-8,795553;-9,391882;-10,365588;-10,643282;-20,923482;-22,764761;-20,638872;-36,766712;-26,743201;-29,856326;-32,221324;-29,972926;-29,263807;-9,386864;-10,355224;-10,635417;-0,351708;-10,630956
858085,000000;-0,383114;-8,451497;-7,778455;-8,667032;-8,773439;-9,835495;-10,157117;-20,451894;-21,516028;-19,902915;-36,468452;-27,774415;-29,700655;-32,228350;-29,938411;-29,126932;-8,753928;-9,824990;-10,148620;-0,354964;-10,145881
863039,000000;-0,385874;-8,451037;-7,761394;-8,591243;-8,124867;-9,277648;-9,647796;-19,941222;-20,308320;-19,207990;-36,266692;-28,936642;-29,670377;-32,246474;-29,925684;-29,029632;-8,097729;-9,269235;-9,639439;-0,357580;-9,638912
868021,000000;-0,389179;-8,448257;-7,756534;-8,567966;-7,450040;-8,684743;-9,118912;-19,397968;-19,156368;-18,600278;-36,154395;-30,026099;-29,826471;-32,249747;-29,908082;-28,973294;-7,428012;-8,679480;-9,112288;-0,360631;-9,114198
873032,000000;-0,392087;-8,444192;-7,735408;-8,593064;-6,794912;-8,060123;-8,571158;-18,822146;-18,079537;-18,127645;-36,217384;-30,852537;-30,233217;-32,238864;-29,882247;-28,958151;-6,786826;-8,061574;-8,566336;-0,363556;-8,572206
878072,000000;-0,394859;-8,448234;-7,724220;-8,658178;-6,241577;-7,426950;-8,007185;-18,212567;-17,093088;-17,841426;-36,547708;-31,335103;-30,899568;-32,229344;-29,853707;-28,978787;-6,249742;-7,437721;-8,004194;-0,366409;-8,014459
883141,000000;-0,398023;-8,465734;-7,740659;-8,754428;-5,902616;-6,825848;-7,444677;-17,570773;-16,205815;-17,776498;-37,074586;-31,529119;-31,697026;-32,229486;-29,831318;-29,034202;-5,927313;-6,847201;-7,445864;-0,369254;-7,459610
888240,000000;-0,400979;-8,494279;-7,798322;-8,863389;-5,910658;-6,329118;-6,925024;-16,913773;-15,413532;-17,938505;-37,530742;-31,529119;-32,384021;-32,229344;-29,809041;-29,120525;-5,947271;-6,359843;-6,929980;-0,372273;-6,946875
893368,000000;-0,404163;-8,528807;-7,810225;-8,953207;-6,366222;-6,057053;-6,511339;-16,289384;-14,715926;-18,299186;-37,668243;-31,406666;-32,770543;-32,212177;-29,782883;-29,212355;-6,406156;-6,096813;-6,519136;-0,375184;-6,536503
898525,000000;-0,407521;-8,574397;-7,846461;-9,007455;-7,261080;-6,162799;-6,296957;-15,774225;-14,132395;-18,798288;-37,497860;-31,212525;-32,847133;-32,177415;-29,760088;-29,282806;-7,297747;-6,210644;-6,305857;-0,378258;-6,320769
903712,000000;-0,410808;-8,633759;-7,916257;-9,035136;-8,445133;-6,737633;-6,404721;-15,442934;-13,695292;-19,344886;-37,216087;-30,992000;-32,699680;-32,149754;-29,761986;-29,318310;-8,473634;-6,788856;-6,413278;-0,381362;-6,423170
908930,000000;-0,414178;-8,685924;-7,999676;-9,055931;-9,666517;-7,682892;-6,939611;-15,338605;-13,430288;-19,819826;-37,045793;-30,790403;-32,414397;-32,168103;-29,804770;-29,322094;-9,690206;-7,734435;-6,945889;-0,384984;-6,950547
914176,000000;-0,417394;-8,674103;-8,031544;-9,086634;-10,629952;-8,691687;-7,902568;-15,451368;-13,332747;-20,108264;-37,163106;-30,668401;-32,052638;-32,263103;-29,896294;-29,311761;-10,650886;-8,740779;-7,906776;-0,388099;-7,906948
919454,000000;-0,420622;-8,542011;-7,935077;-9,121022;-11,087262;-9,383946;-9,160257;-15,732993;-13,370118;-20,177686;-37,674289;-30,708957;-31,674548;-32,433823;-30,035251;-29,309376;-11,107801;-9,430974;-9,166219;-0,391424;-9,163948
924762,000000;-0,424169;-8,316430;-7,711126;-9,107355;-11,006144;-9,524525;-10,468903;-16,117042;-13,493382;-20,102338;-38,453441;-30,967525;-31,378324;-32,618765;-30,190970;-29,328168;-11,023309;-9,568452;-10,478882;-0,394359;-10,477140
930101,000000;-0,427498;-8,077012;-7,451270;-8,955984;-10,594967;-9,172185;-11,490359;-16,550510;-13,663992;-19,991145;-39,022933;-31,376908;-31,303546;-32,710443;-30,296876;-29,363323;-10,604797;-9,209972;-11,504359;-0,397723;-11,504882
935471,000000;-0,430875;-7,875878;-7,228618;-8,625760;-10,169461;-8,575446;-11,881024;-17,001645;-13,864725;-19,921488;-38,970929;-31,753679;-31,575855;-32,657319;-30,303103;-29,379623;-10,171561;-8,602648;-11,895396;-0,400961;-11,897925
940871,000000;-0,434280;-7,725531;-7,065791;-8,204291;-10,027808;-8,036735;-11,567822;-17,453173;-14,090329;-19,926998;-38,501697;-31,932613;-32,199112;-32,481061;-30,222643;-29,328499;-10,026237;-8,051494;-11,578456;-0,404126;-11,581586
946303,000000;-0,437687;-7,618780;-6,911328;-7,823170;-10,307399;-7,814666;-10,856749;-17,893203;-14,336192;-20,006013;-37,873870;-31,905891;-32,946048;-32,236199;-30,103278;-29,204832;-10,308395;-7,819793;-10,863331;-0,407521;-10,865758
951766,000000;-0,441232;-7,547949;-6,819008;-7,540476;-10,950532;-8,024846;-10,185832;-18,312479;-14,597188;-20,139374;-37,149270;-31,767034;-33,459445;-31,961139;-29,975500;-29,031131;-10,952279;-8,024496;-10,189172;-0,410799;-10,189874
957260,000000;-0,444952;-7,505532;-6,730241;-7,354621;-11,815239;-8,628832;-9,883710;-18,704852;-14,866222;-20,306682;-36,364957;-31,605543;-33,566416;-31,669286;-29,850223;-28,835888;-11,815037;-8,625666;-9,886014;-0,414379;-9,885038
962787,000000;-0,448619;-7,487887;-6,703833;-7,243803;-12,774511;-9,500297;-10,064893;-19,067443;-15,137998;-20,491208;-35,539016;-31,458883;-33,357091;-31,343820;-29,723852;-28,636952;-12,768880;-9,496278;-10,068104;-0,417878;-10,065032
968345,000000;-0,452159;-7,493586;-6,685060;-7,185086;-13,741482;-10,503965;-10,647690;-19,401778;-15,410356;-20,680283;-34,675460;-31,311688;-32,988372;-30,947039;-29,567302;-28,429737;-13,728392;-10,498815;-10,650532;-0,421305;-10,646861
973935,000000;-0,456067;-7,524102;-6,698216;-7,154965;-14,683839;-11,550009;-11,471271;-19,709337;-15,682492;-20,865013;-33,802374;-31,129546;-32,532490;-30,466671;-29,340889;-28,190453;-14,664316;-11,545249;-11,475307;-0,425154;-11,470589
979558,000000;-0,459739;-7,578968;-6,778121;-7,136436;-15,606686;-12,604035;-12,399540;-19,985246;-15,950887;-21,038091;-32,949751;-30,909384;-31,964685;-29,913546;-29,028601;-27,889267;-15,583356;-12,598588;-12,403451;-0,428584;-12,398780
985213,000000;-0,463384;-7,656972;-6,828440;-7,124198;-16,523285;-13,662192;-13,341903;-20,224265;-16,207387;-21,190438;-32,115486;-30,673564;-31,251077;-29,300526;-28,631530;-27,505161;-16,498524;-13,656123;-13,345173;-0,431970;-13,341258
990901,000000;-0,467086;-7,757892;-6,916392;-7,121496;-17,427556;-14,728415;-14,253821;-20,419409;-16,443616;-21,314658;-31,277797;-30,448922;-30,426535;-28,642471;-28,168825;-27,038189;-17,403561;-14,720891;-14,255928;-0,435641;-14,252521
996622,000000;-0,470955;-7,884744;-7,042975;-7,137443;-18,271593;-15,773797;-15,124709;-20,562678;-16,647511;-21,401092;-30,423535;-30,234289;-29,607719;-27,955153;-27,732573;-26,506892;-18,251258;-15,764352;-15,125601;-0,439404;-15,123024
1002370,000000;-0,474890;-8,049936;-7,197808;-7,179585;-19,033262;-16,737130;-15,966105;-20,642987;-16,805830;-21,439512;-29,555968;-29,951758;-28,865244;-27,258996;-27,264868;-25,921282;-19,016803;-16,727411;-15,965123;-0,443069;-15,963103
1008160,000000;-0,478799;-8,273994;-7,400397;-7,255491;-19,765124;-17,617655;-16,790150;-20,651399;-16,902699;-21,421171;-28,656084;-29,523901;-28,134722;-26,437648;-26,770182;-25,272022;-19,751777;-17,608548;-16,788289;-0,446909;-16,786608
1013980,000000;-0,482618;-8,577358;-7,674944;-7,375529;-20,536796;-18,477609;-17,610132;-20,578623;-16,920778;-21,339836;-27,689079;-28,941115;-27,311281;-25,518122;-26,173931;-24,547523;-20,525245;-18,470395;-17,607164;-0,450805;-17,605515
1019840,000000;-0,486650;-8,982426;-8,039256;-7,549959;-21,408628;-19,376923;-18,442544;-20,421123;-16,847360;-21,191982;-26,639367;-28,195182;-26,340537;-24,520631;-25,442671;-23,739595;-21,397327;-19,371507;-18,438117;-0,454492;-18,437392
1025720,000000;-0,490601;-9,496434;-8,504286;-7,796190;-22,406776;-20,360567;-19,305025;-20,183220;-16,681291;-20,982290;-25,538377;-27,267254;-25,228955;-23,537496;-24,584521;-22,838717;-22,392830;-20,357136;-19,299655;-0,458173;-19,299254
1031640,000000;-0,494692;-10,087254;-9,048763;-8,122565;-23,411145;-21,441542;-20,214733;-19,875644;-16,436121;-20,720657;-24,512026;-26,218016;-24,069610;-22,745211;-23,704290;-21,854310;-23,392590;-21,441357;-20,208752;-0,462056;-20,208103
1037600,000000;-0,498720;-10,666503;-9,600738;-8,520904;-24,044888;-22,505101;-21,157278;-19,513079;-16,128937;-20,426166;-23,698532;-25,225229;-23,017720;-22,243616;-22,979348;-20,859728;-24,019933;-22,508392;-21,149739;-0,466124;-21,149512
1043590,000000;-0,502704;-11,164464;-10,086893;-8,933435;-24,075745;-23,273859;-21,992865;-19,111008;-15,778124;-20,118895;-23,122170;-24,427758;-22,171994;-21,957972;-22,482807;-19,999566;-24,044903;-23,281245;-21,984281;-0,469965;-21,984303
1049620,000000;-0,506884;-11,616521;-10,521215;-9,279088;-23,859290;-23,654882;-22,445065;-18,686315;-15,405237;-19,820421;-22,702081;-23,832890;-21,523001;-21,741494;-22,140720;-19,363270;-23,822148;-23,669686;-22,436127;-0,474000;-22,437886
1055670,000000;-0,511019;-12,112928;-11,097167;-9,538578;-23,813830;-23,921657;-22,479040;-18,263268;-15,044805;-19,559272;-22,342215;-23,361646;-20,993638;-21,487942;-21,846507;-18,905365;-23,768942;-23,942556;-22,470943;-0,477881;-22,474534
1061770,000000;-0,515331;-12,724903;-11,690917;-9,783338;-24,070331;-24,344501;-22,433471;-17,874278;-14,744952;-19,378701;-21,970158;-22,922107;-20,486778;-21,145011;-21,523912;-18,533333;-24,016043;-24,367707;-22,426531;-0,481884;-22,430380
1067900,000000;-0,519766;-13,482137;-12,386949;-10,106002;-24,575734;-25,003404;-22,568156;-17,551619;-14,554208;-19,332972;-21,541279;-22,440555;-19,937685;-20,709283;-21,141573;-18,192934;-24,509515;-25,020170;-22,562869;-0,486356;-22,565133
1074060,000000;-0,524045;-14,400277;-13,245425;-10,563227;-25,190993;-25,829644;-22,929260;-17,316394;-14,506270;-19,479473;-21,042252;-21,874323;-19,332088;-20,218954;-20,709000;-17,874346;-25,112951;-25,823766;-22,926875;-0,490509;-22,927155
1080260,000000;-0,528715;-15,471560;-14,322085;-11,180496;-25,740965;-26,653762;-23,477532;-17,181986;-14,610955;-19,863921;-20,486880;-21,208207;-18,682881;-19,724807;-20,255418;-17,580826;-25,658362;-26,598833;-23,481084;-0,494986;-23,480397
1086500,000000;-0,533110;-16,610744;-15,507009;-11,970232;-25,992209;-27,215332;-24,167787;-17,155716;-14,853150;-20,497395;-19,921660;-20,491704;-18,028925;-19,275169;-19,810812;-17,299447;-25,924340;-27,082853;-24,179542;-0,499300;-24,182873
1092770,000000;-0,537609;-17,606636;-16,654303;-12,931563;-25,692236;-27,179049;-24,951179;-17,254058;-15,212208;-21,346082;-19,424510;-19,835835;-17,437057;-18,902149;-19,404697;-17,002506;-25,668432;-26,964519;-24,973063;-0,503551;-24,985668
1099080,000000;-0,542240;-18,013502;-17,355383;-14,038098;-24,785716;-26,382706;-25,709213;-17,499358;-15,674781;-22,341487;-19,047261;-19,311843;-16,941703;-18,604567;-19,052633;-16,664059;-24,825319;-26,136017;-25,738913;-0,507887;-25,761140
1105430,000000;-0,546845;-17,482505;-17,287998;-15,188765;-23,477065;-25,045520;-26,211425;-17,911624;-16,232963;-23,401169;-18,773891;-18,911953;-16,530738;-18,361969;-18,762284;-16,295222;-23,573870;-24,834619;-26,240953;-0,512272;-26,266524
1111810,000000;-0,551389;-16,207218;-16,315259;-16,094741;-22,010342;-23,503821;-26,183254;-18,509961;-16,880957;-24,442854;-18,550223;-18,584766;-16,181102;-18,142080;-18,521236;-15,932379;-22,140343;-23,364652;-26,204609;-0,516862;-26,221179
1118230,000000;-0,555758;-14,659664;-14,937943;-16,336312;-20,540197;-21,958941;-25,518613;-19,307752;-17,600374;-25,381158;-18,341780;-18,277717;-15,882331;-17,927756;-18,301472;-15,606633;-20,680086;-21,892697;-25,528638;-0,521103;-25,528046
1124680,000000;-0,560361;-13,144167;-13,434733;-15,654691;-19,152822;-20,501885;-24,385922;-20,291354;-18,343216;-26,094693;-18,154923;-17,971589;-15,637802;-17,727817;-18,090545;-15,330077;-19,284843;-20,490068;-24,388153;-0,525467;-24,371988
1131180,000000;-0,565097;-11,768784;-11,975712;-14,319601;-17,879176;-19,167015;-23,046178;-21,405758;-19,033961;-26,437758;-18,005559;-17,664525;-15,457287;-17,548671;-17,887684;-15,097696;-17,992037;-19,187162;-23,044723;-0,529989;-23,020167
1137710,000000;-0,569881;-10,546538;-10,623900;-12,777839;-16,711813;-17,953453;-21,673711;-22,555779;-19,588300;-26,360024;-17,908277;-17,355447;-15,354770;-17,387536;-17,692050;-14,894164;-16,802403;-17,988109;-21,671279;-0,534810;-21,643947
1144270,000000;-0,574668;-9,471974;-9,400978;-11,303195;-15,632809;-16,842890;-20,347955;-23,626629;-19,947177;-25,965705;-17,883190;-17,046411;-15,352837;-17,241783;-17,503463;-14,707279;-15,702699;-16,881322;-20,345930;-0,539476;-20,318604
1150880,000000;-0,579709;-8,525120;-8,265014;-10,012142;-14,624183;-15,816565;-19,103562;-24,523759;-20,108836;-25,420805;-17,942891;-16,742203;-15,465271;-17,108889;-17,322838;-14,532196;-14,677672;-15,852915;-19,101917;-0,544320;-19,075405
1157520,000000;-0,584585;-7,692700;-7,406957;-8,861919;-13,670738;-14,858578;-17,951944;-25,206860;-20,128436;-24,839318;-18,061869;-16,448578;-15,667288;-16,987266;-17,154839;-14,368652;-13,714185;-14,890691;-17,950709;-0,549019;-17,925088
1164210,000000;-0,589734;-6,959214;-6,687161;-7,893403;-12,760988;-13,954594;-16,887450;-25,687336;-20,077738;-24,269983;-18,177851;-16,167347;-15,880656;-16,875743;-17,001338;-14,214733;-12,798664;-13,982658;-16,886783;-0,553814;-16,861691
1170930,000000;-0,594913;-6,313346;-5,979077;-7,064419;-11,884368;-13,093898;-15,897754;-26,011502;-20,013822;-23,728967;-18,236144;-15,901979;-16,022187;-16,772939;-16,863507;-14,066652;-11,921365;-13,118052;-15,897592;-0,558916;-15,872389
1177690,000000;-0,599947;-5,743741;-5,424081;-6,354156;-11,031532;-12,265527;-14,966213;-26,245355;-19,955728;-23,221433;-18,225162;-15,666655;-16,058084;-16,678387;-16,741128;-13,918768;-11,071400;-12,286981;-14,966165;-0,563920;-14,940805
1184490,000000;-0,605384;-5,242937;-4,867445;-5,745003;-10,197093;-11,461548;-14,078065;-26,461502;-19,886440;-22,754175;-18,165817;-15,497486;-16,012577;-16,595705;-16,635296;-13,769415;-10,242956;-11,482178;-14,078417;-0,569112;-14,052144
1191330,000000;-0,610592;-4,799728;-4,362395;-5,221695;-9,383409;-10,676294;-13,221432;-26,734389;-19,784421;-22,340589;-18,090336;-15,456360;-15,931726;-16,525846;-16,548408;-13,618171;-9,436352;-10,698741;-13,222706;-0,574010;-13,195402
1198200,000000;-0,615606;-4,404377;-3,915058;-4,774015;-8,601923;-9,914063;-12,387961;-27,142641;-19,664011;-21,993575;-18,034188;-15,613654;-15,861811;-16,464635;-16,476901;-13,466566;-8,661450;-9,939557;-12,390276;-0,579226;-12,363192
1205120,000000;-0,620950;-4,049317;-3,513877;-4,391378;-7,856713;-9,186180;-11,568119;-27,734583;-19,536186;-21,715560;-18,026572;-16,021527;-15,856741;-16,402819;-16,409194;-13,317562;-7,920623;-9,215943;-11,572496;-0,584372;-11,546923
1212080,000000;-0,626419;-3,730876;-3,185172;-4,070928;-7,119524;-8,490285;-10,750962;-28,472182;-19,349236;-21,498298;-18,058812;-16,704143;-15,963758;-16,320091;-16,308670;-13,169292;-7,180102;-8,523985;-10,756624;-0,589539;-10,734716
1219070,000000;-0,632050;-3,455291;-2,872782;-3,809398;-6,343259;-7,780732;-9,924622;-29,226741;-19,028523;-21,332876;-18,089221;-17,661340;-16,196673;-16,198860;-16,156404;-13,023276;-6,399221;-7,817699;-9,932440;-0,594857;-9,915423
1226110,000000;-0,637844;-3,239588;-2,603975;-3,607055;-5,532184;-7,016050;-9,087674;-29,797066;-18,544124;-21,213799;-18,120016;-18,808656;-16,530622;-16,059022;-15,974461;-12,889246;-5,585108;-7,051636;-9,096952;-0,600524;-9,084978
1233190,000000;-0,643361;-3,105587;-2,401690;-3,464851;-4,737238;-6,210111;-8,246342;-29,853436;-17,920712;-21,129773;-18,187645;-19,923296;-16,886115;-15,948981;-15,810236;-12,786693;-4,789575;-6,246799;-8,257010;-0,605868;-8,249260
1240310,000000;-0,648432;-3,074891;-2,292108;-3,386520;-4,009164;-5,404090;-7,418988;-29,191583;-17,216907;-21,061547;-18,296115;-20,768446;-17,145268;-15,927431;-15,711389;-12,740102;-4,066182;-5,444768;-7,430076;-0,610955;-7,426807
1247470,000000;-0,654068;-3,147753;-2,309598;-3,374919;-3,382160;-4,637735;-6,634836;-28,013192;-16,498002;-20,987116;-18,433764;-21,243266;-17,251842;-16,049317;-15,735012;-12,775986;-3,448582;-4,683054;-6,646571;-0,616324;-6,646310
1254670,000000;-0,659839;-3,260284;-2,421296;-3,436266;-2,851577;-3,922900;-5,936546;-26,667020;-15,803161;-20,888063;-18,599908;-21,390077;-17,258681;-16,305093;-15,916026;-12,915180;-2,930258;-3,975178;-5,948770;-0,622126;-5,950596
1261920,000000;-0,665492;-3,285567;-2,495880;-3,571158;-2,404404;-3,239234;-5,377092;-25,352511;-15,149022;-20,751231;-18,756712;-21,298918;-17,238748;-16,564594;-16,184461;-13,168698;-2,495394;-3,299539;-5,389006;-0,627735;-5,391736
1269200,000000;-0,671759;-3,144970;-2,405608;-3,767481;-2,094677;-2,585603;-4,994045;-24,098689;-14,524886;-20,573917;-18,821312;-21,058907;-17,194177;-16,673411;-16,362899;-13,526709;-2,198591;-2,655838;-5,005815;-0,633667;-5,007051
1276530,000000;-0,677794;-2,873689;-2,158732;-3,971322;-2,026571;-2,047106;-4,740340;-22,872383;-13,907906;-20,366345;-18,758594;-20,768759;-17,085757;-16,604102;-16,357987;-13,924505;-2,144455;-2,127350;-4,752926;-0,639536;-4,753723
1283900,000000;-0,683703;-2,550721;-1,848462;-4,078898;-2,238905;-1,743108;-4,470161;-21,640988;-13,287754;-20,148523;-18,599686;-20,498380;-16,889696;-16,417010;-16,195103;-14,214957;-2,372775;-1,831597;-4,482186;-0,645531;-4,483395
1291310,000000;-0,689532;-2,227796;-1,399806;-4,004686;-2,690802;-1,737472;-4,091674;-20,387536;-12,672101;-19,938117;-18,364416;-20,250178;-16,598288;-16,155399;-15,934446;-14,265124;-2,839620;-1,830503;-4,105152;-0,651409;-4,106880
1298760,000000;-0,695636;-1,926905;-1,034832;-3,768446;-3,320085;-2,022108;-3,707658;-19,129847;-12,083621;-19,736512;-18,058256;-19,969912;-16,232569;-15,834291;-15,605324;-14,080833;-3,479243;-2,114022;-3,720685;-0,657290;-3,725606
1306260,000000;-0,701746;-1,653892;-0,643473;-3,457760;-4,066307;-2,556478;-3,485261;-17,917157;-11,553621;-19,508316;-17,699179;-19,604883;-15,828163;-15,460324;-15,232553;-13,751671;-4,227767;-2,636354;-3,501494;-0,663110;-3,505693
1313800,000000;-0,708312;-1,407872;-0,406365;-3,140368;-4,862442;-3,267632;-3,531129;-16,810642;-11,104806;-19,179730;-17,302121;-19,151168;-15,392554;-15,035482;-14,810989;-13,345415;-5,012247;-3,329039;-3,549564;-0,669619;-3,550872
1321390,000000;-0,714647;-1,185508;-0,160787;-2,842729;-5,659362;-4,065753;-3,852831;-15,850221;-10,742970;-18,684448;-16,870228;-18,634501;-14,921179;-14,562192;-14,358938;-12,896527;-5,786367;-4,108677;-3,869671;-0,675654;-3,869305
1329020,000000;-0,721081;-0,984401;-0,074409;-2,570386;-6,432473;-4,892841;-4,388340;-15,046769;-10,464729;-18,026503;-16,407700;-18,080790;-14,420312;-14,052275;-13,885537;-12,431715;-6,524454;-4,916628;-4,404767;-0,681899;-4,401666
1336690,000000;-0,727350;-0,801389;0,109616;-2,322878;-7,170894;-5,712986;-5,061761;-14,382471;-10,268500;-17,283295;-15,929117;-17,509525;-13,903815;-13,527328;-13,392211;-11,975127;-7,226741;-5,718419;-5,072797;-0,688347;-5,068141
1344400,000000;-0,733973;-0,633237;0,352185;-2,096789;-7,885045;-6,519449;-5,804395;-13,819156;-10,154881;-16,549518;-15,454970;-16,942741;-13,380205;-13,009826;-12,891276;-11,547678;-7,906625;-6,512718;-5,813363;-0,694724;-5,806699
1352170,000000;-0,740592;-0,480460;0,489139;-1,894306;-8,591430;-7,321889;-6,577376;-13,317160;-10,117103;-15,886387;-15,002293;-16,399204;-12,859990;-12,512660;-12,402690;-11,171345;-8,588488;-7,309084;-6,581415;-0,700993;-6,578080
1359970,000000;-0,747349;-0,343806;0,612480;-1,719963;-9,304861;-8,129605;-7,367412;-12,843437;-10,144317;-15,310464;-14,575578;-15,884494;-12,366437;-12,038525;-11,934843;-10,870797;-9,284981;-8,114890;-7,368750;-0,707652;-7,367391
1367820,000000;-0,754158;-0,225103;0,719076;-1,578190;-10,032245;-8,954133;-8,169470;-12,373329;-10,222586;-14,809078;-14,170447;-15,391583;-11,933642;-11,583103;-11,455700;-10,671338;-10,008485;-8,941163;-8,170360;-0,714223;-8,170671
1375720,000000;-0,761465;-0,129053;0,804845;-1,478576;-10,777026;-9,797441;-8,981644;-11,890478;-10,343900;-14,365246;-13,783543;-14,912955;-11,598409;-11,144042;-10,996743;-10,593525;-10,754317;-9,785374;-8,981962;-0,721138;-8,982279
1383660,000000;-0,768000;-0,056441;0,860247;-1,426339;-11,537377;-10,658794;-9,805495;-11,387890;-10,508653;-13,963693;-13,415542;-14,444928;-11,391178;-10,720200;-10,548469;-10,645382;-11,521949;-10,645323;-9,806113;-0,728011;-9,806650
1391650,000000;-0,775072;-0,012438;0,878243;-1,430619;-12,306087;-11,530986;-10,628830;-10,870129;-10,733102;-13,602271;-13,073332;-13,995440;-11,327291;-10,312580;-10,111091;-10,820056;-12,298712;-11,515079;-10,631813;-0,734616;-10,629420
1399690,000000;-0,782274;0,005991;0,846627;-1,504225;-13,058671;-12,393676;-11,437142;-10,353164;-11,056281;-13,292608;-12,765066;-13,586234;-11,400984;-9,916837;-9,691479;-11,099505;-13,058164;-12,368385;-11,441324;-0,741737;-11,439054
1407760,000000;-0,789681;0,010416;0,761270;-1,657602;-13,714353;-13,182872;-12,210547;-9,867816;-11,548663;-13,061875;-12,489471;-13,249577;-11,585047;-9,511324;-9,281921;-11,457064;-13,716418;-13,147442;-12,214587;-0,748901;-12,212460
1415890,000000;-0,797037;0,040382;0,638344;-1,901190;-14,101333;-13,757554;-12,927368;-9,458930;-12,316947;-12,952374;-12,245869;-13,029931;-11,831503;-9,068900;-8,869994;-11,871751;-14,114953;-13,709889;-12,932871;-0,755910;-12,934181
1424070,000000;-0,803904;0,140866;0,529521;-2,230558;-14,034687;-13,911181;-13,578517;-9,183329;-13,479718;-13,017792;-12,053577;-13,007496;-12,098682;-8,592013;-8,460166;-12,338493;-14,073366;-13,846229;-13,578559;-0,762916;-13,595163
1432290,000000;-0,811463;0,308788;0,486429;-2,627546;-13,436038;-13,468163;-14,126828;-9,118416;-15,137105;-13,310161;-11,909072;-13,252572;-12,402147;-8,122853;-8,092082;-12,865719;-13,515422;-13,399683;-14,139249;-0,770268;-14,155632
1440560,000000;-0,819277;0,482075;0,507920;-3,046252;-12,540840;-12,523230;-14,522019;-9,328778;-17,338104;-13,870642;-11,743568;-13,666003;-12,798589;-7,716868;-7,806128;-13,451800;-12,652732;-12,474740;-14,538539;-0,777912;-14,563121
1448870,000000;-0,826993;0,603248;0,549275;-3,401246;-11,785771;-11,481527;-14,639258;-9,849332;-20,118780;-14,734618;-11,473061;-13,961656;-13,306623;-7,423765;-7,623250;-14,073542;-11,899394;-11,467172;-14,657129;-0,785582;-14,681438
1457240,000000;-0,834840;0,652940;0,572401;-3,611543;-11,464019;-10,784418;-14,373968;-10,656899;-23,664982;-15,941520;-11,091497;-13,929081;-13,879352;-7,298794;-7,556383;-14,706854;-11,554147;-10,793953;-14,387704;-0,793201;-14,402237
1465650,000000;-0,842665;0,635761;0,556529;-3,682431;-11,573351;-10,606622;-13,785837;-11,679745;-28,619033;-17,501247;-10,661343;-13,574454;-14,449329;-7,388921;-7,637657;-15,343736;-11,635300;-10,625287;-13,795994;-0,800922;-13,795525
1474110,000000;-0,850823;0,561253;0,457141;-3,694769;-11,963480;-10,855355;-13,180535;-12,833878;-33,812252;-19,339732;-10,259553;-13,020242;-14,987356;-7,725256;-7,915544;-15,977467;-12,004830;-10,876780;-13,187707;-0,808965;-13,177208
1482620,000000;-0,858577;0,432964;0,246619;-3,720378;-12,500856;-11,358646;-12,897907;-14,045490;-28,553886;-21,300865;-9,957059;-12,392519;-15,522194;-8,300921;-8,419427;-16,601635;-12,531314;-11,380481;-12,903968;-0,816796;-12,890395
1491180,000000;-0,866846;0,249574;0,082987;-3,792715;-13,104808;-11,985787;-13,037721;-15,295847;-23,291376;-23,228407;-9,817375;-11,796439;-16,081177;-9,074454;-9,142123;-17,209345;-13,133010;-12,011233;-13,042905;-0,824662;-13,027751
1499790,000000;-0,875037;0,010416;-0,080543;-3,920130;-13,726747;-12,660826;-13,483532;-16,578466;-19,579110;-24,985884;-9,880892;-11,325980;-16,672227;-9,972871;-10,022601;-17,803234;-13,756876;-12,688743;-13,489687;-0,832698;-13,474840
1508450,000000;-0,883706;-0,282089;-0,336074;-4,091020;-14,335876;-13,337627;-14,098251;-17,912033;-16,661752;-26,414623;-10,152616;-11,061773;-17,293021;-10,912007;-10,981999;-18,381124;-14,368970;-13,368863;-14,104153;-0,841029;-14,090066
1517160,000000;-0,892114;-0,616818;-0,580898;-4,290571;-14,920259;-13,991351;-14,790081;-19,329032;-14,179464;-27,312490;-10,603383;-11,061680;-17,919276;-11,816391;-11,933574;-18,934435;-14,955711;-14,026256;-14,796807;-0,849550;-14,783743
1525920,000000;-0,900589;-0,966043;-0,968141;-4,501723;-15,475841;-14,610909;-15,502401;-20,885437;-11,964444;-27,541158;-11,151502;-11,313925;-18,511132;-12,606890;-12,790593;-19,440539;-15,511981;-14,649807;-15,510064;-0,857983;-15,497641
1534720,000000;-0,909429;-1,287286;-1,299897;-4,711635;-15,995142;-15,185621;-16,200318;-22,672303;-9,944113;-27,159618;-11,660736;-11,703307;-19,039559;-13,191871;-13,445181;-19,888755;-16,030322;-15,228942;-16,208173;-0,866702;-16,196841
1543580,000000;-0,918374;-1,535648;-1,487953;-4,915021;-16,467989;-15,700687;-16,871804;-24,860572;-8,102474;-26,377528;-12,001820;-12,054273;-19,505362;-13,504024;-13,836184;-20,281255;-16,500962;-15,749590;-16,879988;-0,875795;-16,869804
1552490,000000;-0,927338;-1,705586;-1,563056;-5,115643;-16,892429;-16,157632;-17,506851;-27,794570;-6,468651;-25,389490;-12,131831;-12,253521;-19,910133;-13,569357;-13,953425;-20,615774;-16,925958;-16,212272;-17,514221;-0,884168;-17,505678
1561460,000000;-0,936243;-1,856138;-1,790906;-5,335734;-17,285393;-16,580340;-18,074108;-32,374882;-5,107866;-24,305715;-12,148769;-12,353282;-20,245424;-13,547263;-13,943255;-20,879101;-17,320221;-16,640899;-18,082114;-0,893087;-18,071533
1570470,000000;-0,945420;-2,067580;-2,050680;-5,610408;-17,666517;-16,995129;-18,526366;-40,428475;-4,095807;-23,169357;-12,224871;-12,535542;-20,523501;-13,637188;-14,026999;-21,066692;-17,703979;-17,062934;-18,532452;-0,902044;-18,518599
1579540,000000;-0,954896;-2,364811;-2,401587;-5,955474;-18,054715;-17,416067;-18,838847;-34,248309;-3,481603;-21,993575;-12,477443;-12,929484;-20,813056;-13,948360;-14,331759;-21,234510;-18,095148;-17,490765;-18,842420;-0,911261;-18,822146
1588660,000000;-0,964568;-2,721451;-2,637143;-6,323863;-18,462605;-17,845560;-19,063855;-27,673935;-3,234241;-20,788245;-12,905733;-13,505546;-21,198949;-14,460751;-14,832523;-21,475312;-18,506523;-17,928235;-19,063466;-0,920643;-19,037304
1597830,000000;-0,974484;-3,107263;-2,970553;-6,639050;-18,896487;-18,291620;-19,304785;-23,549120;-3,272733;-19,595012;-13,443303;-14,151467;-21,694589;-15,085355;-15,429016;-21,831747;-18,945352;-18,383431;-19,299735;-0,930383;-19,269738
1607050,000000;-0,984235;-3,487129;-3,343960;-6,863916;-19,355605;-18,765071;-19,624160;-20,537203;-3,479321;-18,505133;-14,018488;-14,781028;-22,240524;-15,741819;-16,039787;-22,265607;-19,411350;-18,865637;-19,614599;-0,940134;-19,584656
1616330,000000;-0,994076;-3,848312;-3,575522;-7,001665;-19,832937;-19,270776;-20,023527;-18,189690;-3,754518;-17,627498;-14,590243;-15,346023;-22,775084;-16,389970;-16,627399;-22,725230;-19,899910;-19,376195;-20,008543;-0,949876;-19,982039
1625660,000000;-1,004142;-4,177335;-3,807688;-7,059347;-20,320451;-19,801978;-20,480157;-16,278398;-4,040102;-17,008967;-15,144353;-15,833377;-23,271251;-17,008351;-17,199209;-23,185924;-20,405728;-19,898536;-20,462221;-0,959639;-20,438902
1635050,000000;-1,014777;-4,472878;-3,993977;-7,041119;-20,805515;-20,341231;-20,978012;-14,730451;-4,305729;-16,561904;-15,673514;-16,249473;-23,729914;-17,591549;-17,785110;-23,645494;-20,914165;-20,405091;-20,958184;-0,969927;-20,934996
1644490,000000;-1,025277;-4,723641;-4,161572;-6,967347;-21,273898;-20,868574;-21,501044;-13,448571;-4,527971;-16,084109;-16,163716;-16,611978;-24,144156;-18,149096;-18,414204;-24,115818;-21,403174;-20,873702;-21,479298;-0,980520;-21,456773
1653980,000000;-1,035977;-4,904719;-4,327959;-6,862308;-21,707680;-21,371728;-22,035076;-12,329006;-4,682161;-15,414966;-16,590248;-16,943596;-24,502744;-18,700289;-19,088299;-24,613325;-21,841695;-21,308062;-22,014197;-0,990882;-21,994603
1663530,000000;-1,046925;-4,979594;-4,457890;-6,759225;-22,076610;-21,843027;-22,575058;-11,282858;-4,769201;-14,583583;-16,931813;-17,268378;-24,782779;-19,257768;-19,773075;-25,146456;-22,194364;-21,721573;-22,556607;-1,001802;-22,547401
1673130,000000;-1,058191;-4,924342;-4,541602;-6,691063;-22,352663;-22,265674;-23,131831;-10,254206;-4,811660;-13,725439;-17,173514;-17,588917;-24,970676;-19,794765;-20,403180;-25,707371;-22,439910;-22,109104;-23,114918;-1,012873;-23,119645
1682790,000000;-1,069618;-4,739456;-4,550148;-6,676701;-22,528368;-22,610461;-23,717353;-9,214613;-4,836695;-12,930754;-17,293402;-17,855937;-25,060034;-20,251072;-20,914880;-26,282211;-22,579441;-22,436323;-23,702881;-1,023880;-23,719685
1692500,000000;-1,080953;-4,446955;-4,451043;-6,733220;-22,625701;-22,862245;-24,339847;-8,152467;-4,868525;-12,218664;-17,276500;-17,999831;-25,079638;-20,576877;-21,281334;-26,856415;-22,647752;-22,675919;-24,327430;-1,035194;-24,348899
1702280,000000;-1,092982;-4,076648;-4,225209;-6,862078;-22,684635;-23,047621;-24,993520;-7,079222;-4,935864;-11,571146;-17,147519;-17,983219;-25,098645;-20,768123;-21,545107;-27,404939;-22,693170;-22,842813;-24,983247;-1,046837;-25,005552
1712100,000000;-1,104762;-3,662744;-3,898374;-7,063479;-22,759795;-23,238756;-25,659745;-6,027603;-5,076521;-10,964118;-16,957476;-17,825588;-25,152537;-20,850651;-21,755591;-27,882139;-22,769873;-23,001433;-25,658062;-1,058662;-25,678163
1721990,000000;-1,116814;-3,245807;-3,472530;-7,327985;-22,892852;-23,490361;-26,319709;-5,062337;-5,302468;-10,378374;-16,715621;-17,544873;-25,181052;-20,801875;-21,870013;-28,186351;-22,921596;-23,198368;-26,329819;-1,070552;-26,350023
1731930,000000;-1,128705;-2,880125;-3,089271;-7,645613;-23,080635;-23,767723;-26,938220;-4,283072;-5,582746;-9,799508;-16,359586;-17,095575;-25,053831;-20,517175;-21,715751;-28,167779;-23,143748;-23,384943;-26,970447;-1,082498;-26,995268
1741930,000000;-1,141395;-2,601784;-2,824866;-8,018066;-23,229151;-23,943965;-27,460020;-3,802223;-5,871432;-9,223023;-15,815331;-16,427251;-24,713293;-19,915895;-21,123069;-27,708087;-23,349898;-23,444218;-27,522387;-1,094736;-27,565883
1751980,000000;-1,154064;-2,415708;-2,692922;-8,452853;-23,214488;-23,879469;-27,805850;-3,693294;-6,148313;-8,645314;-15,088513;-15,563269;-24,274074;-19,024174;-20,116483;-26,856894;-23,408341;-23,274354;-27,900001;-1,107159;-27,981957
1762100,000000;-1,166562;-2,299881;-2,544537;-8,973733;-22,992100;-23,537012;-27,866527;-3,963066;-6,411260;-8,063485;-14,259336;-14,588286;-23,923677;-17,958052;-18,910267;-25,877666;-23,246678;-22,893021;-27,979933;-1,119966;-28,107818
1772270,000000;-1,179556;-2,223307;-2,392578;-9,602941;-22,723923;-23,101266;-27,510749;-4,528016;-6,665186;-7,491014;-13,415257;-13,592088;-23,733425;-16,878168;-17,757422;-25,088387;-23,001040;-22,478912;-27,620702;-1,132682;-27,776584
1782500,000000;-1,192320;-2,167601;-2,403832;-10,318704;-22,711748;-22,915811;-26,717790;-5,269424;-6,911810;-6,949755;-12,630506;-12,658251;-23,640169;-15,936186;-16,837577;-24,682354;-22,981796;-22,326328;-26,808407;-1,145120;-26,955209
1792790,000000;-1,204804;-2,188238;-2,501172;-11,027357;-23,111463;-23,188608;-25,733516;-6,079603;-7,154074;-6,477930;-11,999469;-11,873183;-23,578485;-15,181431;-16,202449;-24,655190;-23,371551;-22,597168;-25,803360;-1,157804;-25,924013
1803140,000000;-1,217256;-2,362189;-2,711487;-11,602999;-23,849746;-23,848312;-24,979270;-6,890777;-7,384651;-6,125496;-11,543544;-11,274043;-23,492256;-14,467777;-15,692220;-24,839849;-24,110769;-23,213280;-25,035728;-1,169980;-25,130918
1813550,000000;-1,228715;-2,740125;-3,059683;-12,021419;-24,759114;-24,721457;-24,721606;-7,667277;-7,590075;-5,943103;-11,114512;-10,757583;-23,280840;-13,566167;-15,020928;-25,014010;-25,045194;-24,009757;-24,775204;-1,181874;-24,854464
1824020,000000;-1,240009;-3,338678;-3,653877;-12,397947;-25,708510;-25,682389;-24,918494;-8,403276;-7,760778;-5,965205;-10,538177;-10,153930;-22,940342;-12,415268;-14,030274;-25,003481;-26,041645;-24,863810;-24,975311;-1,193705;-25,041235
1834550,000000;-1,250304;-4,170566;-4,463217;-12,884114;-26,602157;-26,670426;-25,394920;-9,102548;-7,896593;-6,203402;-9,846957;-9,465669;-22,672056;-11,179144;-12,808526;-24,745438;-27,018562;-25,721709;-25,452787;-1,204195;-25,504295
1845140,000000;-1,260571;-5,247832;-5,427001;-13,568902;-27,356343;-27,637615;-26,009003;-9,770033;-8,004522;-6,663484;-9,266559;-8,916348;-22,682802;-10,133349;-11,601678;-24,365754;-27,909215;-26,555511;-26,058431;-1,214768;-26,091225
1855790,000000;-1,271615;-6,545319;-6,680411;-14,447128;-27,878373;-28,523916;-26,654397;-10,420796;-8,076000;-7,346219;-9,009881;-8,744867;-22,974209;-9,532303;-10,697937;-24,117422;-28,658885;-27,359625;-26,685735;-1,225844;-26,695362
1866510,000000;-1,280821;-7,985267;-8,130867;-15,436254;-28,140441;-29,273125;-27,259617;-11,073172;-8,085271;-8,233333;-9,133219;-9,016966;-23,418262;-9,482397;-10,311497;-24,153273;-29,236220;-28,145054;-27,265489;-1,235271;-27,246784
1877280,000000;-1,289714;-9,427862;-9,693228;-16,390085;-28,224731;-29,838703;-27,801285;-11,758655;-8,014678;-9,289814;-9,562626;-9,630221;-23,910178;-9,897489;-10,485995;-24,447520;-29,648641;-28,951406;-27,779625;-1,244107;-27,735260
1888120,000000;-1,298041;-10,683037;-11,186446;-17,162166;-28,305689;-30,217346;-28,296788;-12,536130;-7,841768;-10,457373;-10,184458;-10,434126;-24,395167;-10,591643;-11,085208;-24,882960;-29,977281;-29,807188;-28,250069;-1,252712;-28,192951
1899020,000000;-1,306446;-11,568448;-12,335976;-17,653447;-28,571134;-30,442388;-28,818298;-13,487881;-7,557544;-11,645485;-10,900329;-11,313701;-24,856606;-11,412514;-11,923388;-25,368031;-30,353306;-30,740158;-28,750883;-1,260993;-28,693081
1909990,000000;-1,314992;-11,955770;-12,886641;-17,881761;-29,127180;-30,579038;-29,439828;-14,725859;-7,184569;-12,724828;-11,640806;-12,196529;-25,296329;-12,279086;-12,861441;-25,856485;-30,876173;-31,715178;-29,357199;-1,269383;-29,301617
1921010,000000;-1,323747;-11,820759;-12,804846;-17,953659;-30,045599;-30,693057;-30,169068;-16,382636;-6,779562;-13,532606;-12,365464;-13,036474;-25,727821;-13,156918;-13,825938;-26,332628;-31,546365;-32,589331;-30,072645;-1,277892;-30,017040
1932100,000000;-1,332917;-11,281903;-12,277800;-17,968908;-31,368383;-30,995726;-30,915302;-18,593774;-6,414332;-13,927786;-13,048443;-13,808802;-26,143062;-14,029007;-14,784791;-26,784872;-32,186490;-33,337264;-30,815710;-1,287023;-30,747968
1943260,000000;-1,342907;-10,548644;-11,531314;-17,969320;-32,745187;-31,924519;-31,558911;-21,513598;-6,136633;-13,873558;-13,683069;-14,519523;-26,500941;-14,884711;-15,731451;-27,179029;-32,209980;-34,460017;-31,470653;-1,296397;-31,385731
1954470,000000;-1,353092;-9,783445;-10,710179;-17,937410;-32,598810;-33,624463;-32,107920;-25,455619;-5,962167;-13,512951;-14,278913;-15,187467;-26,750623;-15,720990;-16,667136;-27,461291;-30,979108;-36,255058;-32,046587;-1,306739;-31,952434
1965760,000000;-1,363878;-9,068925;-9,891600;-17,813559;-30,478069;-34,500687;-32,705379;-31,323900;-5,880931;-13,102805;-14,863770;-15,805787;-26,851807;-16,535692;-17,588521;-27,574106;-29,004343;-36,507351;-32,683840;-1,317235;-32,585076
1977110,000000;-1,375115;-8,440908;-9,122189;-17,521857;-28,043508;-32,685075;-33,407406;-40,058496;-5,872251;-12,876690;-15,451831;-16,339958;-26,801752;-17,316840;-18,479869;-27,507016;-27,021233;-33,709553;-33,437180;-1,328473;-33,337264
1988520,000000;-1,386255;-7,907488;-8,432580;-17,000723;-25,922794;-30,055434;-34,028570;-33,240478;-5,910160;-12,941731;-16,040502;-16,765515;-26,650586;-18,033910;-19,312485;-27,299820;-25,216863;-30,717992;-34,142125;-1,340059;-34,047985
2000000,000000;-1,398898;-7,480136;-7,839647;-16,249867;-24,047448;-27,706189;-34,203184;-27,736890;-5,968795;-13,237925;-16,614272;-17,095451;-26,490703;-18,642224;-20,036976;-27,033386;-23,539232;-28,274219;-34,398773;-1,352230;-34,331126
